[2026-04-28 17:37:22] ==================================================
[2026-04-28 17:37:22] 链上雷达 v1 启动
[2026-04-28 17:37:22] 扫描间隔: 30s
[2026-04-28 17:37:22] 推送逻辑: 动量优先 — 连涨才推，叙事只做分类标签
[2026-04-28 17:37:22] ==================================================
[2026-04-28 17:37:27] 扫描 198 个新币...
[2026-04-28 17:38:02] 扫描 195 个新币...
[2026-04-28 17:38:36] 扫描 194 个新币...
[2026-04-28 17:38:37] [动量信号1] Cardi Bee (CARDIBEE) on sol — 连涨3轮 +36.0%
[2026-04-28 17:39:00] 第3轮: 发现1个, 推送1个 (累计推送1)
[2026-04-28 17:39:34] 扫描 196 个新币...
[2026-04-28 17:39:35] [动量信号1] flexxing musk  (MUSK) on sol — 连涨3轮 +83.9%
[2026-04-28 17:39:58] 第4轮: 发现1个, 推送1个 (累计推送2)
[2026-04-28 17:40:31] 扫描 197 个新币...
[2026-04-28 17:41:16] 扫描 199 个新币...
[2026-04-28 17:42:10] 扫描 196 个新币...
[2026-04-28 17:43:25] 扫描 198 个新币...
[2026-04-28 17:43:44] [动量信号1] ? (NICE) on eth — 连涨3轮 +5.1%
[2026-04-28 17:43:46] [动量信号1] ? (DPEG) on eth — 连涨3轮 +5.7%
[2026-04-28 17:43:51] 第8轮: 发现2个, 推送2个 (累计推送4)
[2026-04-28 17:44:24] 扫描 197 个新币...
[2026-04-28 17:44:25] [动量信号1] ? (BEEKEEPER) on eth — 连涨3轮 +46.0%
[2026-04-28 17:44:25] [动量信号1] ? (BEE) on eth — 连涨3轮 +16.6%
[2026-04-28 17:44:30] 第9轮: 发现2个, 推送2个 (累计推送6)
[2026-04-28 17:45:03] 扫描 197 个新币...
[2026-04-28 17:45:38] 扫描 196 个新币...
[2026-04-28 17:45:38] [动量信号2] ? (NICE) on eth — 连涨3轮 +5.4%
[2026-04-28 17:45:41] 第11轮: 发现1个, 推送1个 (累计推送7)
[2026-04-28 17:46:15] 扫描 196 个新币...
[2026-04-28 17:46:16] [动量信号1] ? (UNICURVE) on eth — 连涨3轮 +6.2%
[2026-04-28 17:46:16] [动量信号1] ? (ERIC) on eth — 连涨3轮 +6.0%
[2026-04-28 17:46:16] [动量信号1] ? (GRIMACE) on eth — 连涨3轮 +5.7%
[2026-04-28 17:46:16] [动量信号1] ? (Bee) on eth — 连涨3轮 +20.1%
[2026-04-28 17:46:25] 第12轮: 发现4个, 推送4个 (累计推送11)
[2026-04-28 17:47:49] ==================================================
[2026-04-28 17:47:49] 链上雷达 v1 启动
[2026-04-28 17:47:49] 扫描间隔: 30s
[2026-04-28 17:47:49] 推送逻辑: 动量优先 — 连涨才推，叙事只做分类标签
[2026-04-28 17:47:49] ==================================================
[2026-04-28 17:47:53] 扫描 195 个新币...
[2026-04-28 17:48:29] 扫描 196 个新币...
[2026-04-28 17:49:03] 扫描 196 个新币...
[2026-04-28 17:49:07] [动量信号1] ? (BEE) on eth — 连涨3轮 +48.4%
[2026-04-28 17:49:08] [动量信号1] ? (ARMA) on eth — 连涨3轮 +5.3%
[2026-04-28 17:49:12] 第3轮: 发现2个, 推送2个 (累计推送2)
[2026-04-28 17:49:46] 扫描 196 个新币...
[2026-04-28 17:49:46] [动量信号2] ? (ARMA) on eth — 连涨3轮 +17.6%
[2026-04-28 17:49:49] 第4轮: 发现1个, 推送1个 (累计推送3)
[2026-04-28 17:50:22] 扫描 197 个新币...
[2026-04-28 17:50:58] 扫描 196 个新币...
[2026-04-28 17:50:59] [动量信号1] The Chosen Bee (BRANDIE) on sol — 连涨3轮 +170.8%
[2026-04-28 17:50:59] [动量信号1] ? (BEEKEEPER) on eth — 连涨3轮 +39.9%
[2026-04-28 17:50:59] [动量信号3] ? (ARMA) on eth — 连涨3轮 +18.0%
[2026-04-28 17:50:59] [动量信号1] ? (FELON) on eth — 连涨3轮 +16.4%
[2026-04-28 17:50:59] [动量信号1] ? (BEE) on eth — 连涨3轮 +6.2%
[2026-04-28 17:51:10] 第6轮: 发现5个, 推送5个 (累计推送8)
[2026-04-28 17:51:43] 扫描 196 个新币...
[2026-04-28 17:51:44] [动量信号1] ? (BEE) on eth — 连涨3轮 +8.3%
[2026-04-28 17:51:47] 第7轮: 发现1个, 推送1个 (累计推送9)
[2026-04-28 17:52:21] 扫描 196 个新币...
[2026-04-28 17:52:22] [动量信号2] ? (BEEKEEPER) on eth — 连涨3轮 +30.4%
[2026-04-28 17:52:22] [动量信号1] ? (MOOYOR) on eth — 连涨3轮 +42.2%
[2026-04-28 17:52:26] 第8轮: 发现2个, 推送2个 (累计推送11)
[2026-04-28 17:53:00] 扫描 196 个新币...
[2026-04-28 17:53:00] [动量信号1] ? (SCAMMAN) on eth — 连涨3轮 +6.4%
[2026-04-28 17:53:00] [动量信号1] ? (Archangel) on eth — 连涨3轮 +6.1%
[2026-04-28 17:53:05] 第9轮: 发现2个, 推送2个 (累计推送13)
[2026-04-28 17:53:39] 扫描 197 个新币...
[2026-04-28 17:53:40] [动量信号1] ? (DANKDOGE) on eth — 连涨3轮 +5.3%
[2026-04-28 17:53:40] [动量信号2] ? (BEE) on eth — 连涨3轮 +6.1%
[2026-04-28 17:53:45] 第10轮: 发现2个, 推送2个 (累计推送15)
[2026-04-28 17:54:12] ==================================================
[2026-04-28 17:54:12] 链上雷达 v1 启动
[2026-04-28 17:54:12] 扫描间隔: 30s
[2026-04-28 17:54:12] 推送逻辑: 动量优先 — 连涨才推，叙事只做分类标签
[2026-04-28 17:54:12] ==================================================
[2026-04-28 17:54:19] 扫描 446 个新币...
[2026-04-28 17:55:00] 扫描 448 个新币...
[2026-04-28 17:55:37] 扫描 446 个新币...
[2026-04-28 17:55:39] [动量信号1] RORK (RORK) on sol — 连涨3轮 +22.4%
[2026-04-28 17:55:40] [动量信号1] The Chosen Wasp (Wasp) on sol — 连涨3轮 +151.3%
[2026-04-28 17:55:41] [动量信号1] chick fil a (cfa) on sol — 连涨3轮 +136.3%
[2026-04-28 17:55:43] [动量信号1] elon cat musk dog (elon a1lon c) on sol — 连涨3轮 +42.7%
[2026-04-28 17:55:46] [动量信号1] gently used toyota office chair (chair) on sol — 连涨3轮 +39.6%
[2026-04-28 17:55:50] [动量信号1] The Chosen Bee (BRANDIE) on sol — 连涨3轮 +11.7%
[2026-04-28 17:55:50] [动量信号1] ? (BEE) on eth — 连涨3轮 +38.9%
[2026-04-28 17:56:06] 第3轮: 发现7个, 推送7个 (累计推送7)
[2026-04-28 17:56:41] 扫描 447 个新币...
[2026-04-28 17:56:43] [动量信号1] Luko (LUKO) on sol — 连涨3轮 +98.9%
[2026-04-28 17:56:44] [动量信号1] Scam President (Scam Trump) on sol — 连涨3轮 +67.6%
[2026-04-28 17:56:45] [动量信号2] chick fil a (cfa) on sol — 连涨3轮 +73.3%
[2026-04-28 17:56:46] [动量信号2] gently used toyota office chair (chair) on sol — 连涨3轮 +29.1%
[2026-04-28 17:56:46] [动量信号2] ? (BEE) on eth — 连涨3轮 +6.9%
[2026-04-28 17:56:59] 第4轮: 发现5个, 推送5个 (累计推送12)
[2026-04-28 17:57:35] 扫描 448 个新币...
[2026-04-28 17:57:36] [动量信号2] Luko (LUKO) on sol — 连涨3轮 +123.5%
[2026-04-28 17:57:37] [动量信号1] The Great Silencing (Silencing) on sol — 连涨3轮 +37.5%
[2026-04-28 17:57:38] [动量信号1] ? (BEEKEEPER) on eth — 连涨3轮 +6.0%
[2026-04-28 17:57:38] [动量信号1] ? (SCAMMAN) on eth — 连涨3轮 +5.0%
[2026-04-28 17:57:38] [动量信号1] ? (Michael) on eth — 连涨3轮 +15.5%
[2026-04-28 17:57:49] 第5轮: 发现5个, 推送5个 (累计推送17)
[2026-04-28 17:58:24] 扫描 448 个新币...
[2026-04-28 17:58:25] [动量信号1] 😂 (😂) on sol — 连涨3轮 +66.1%
[2026-04-28 17:58:26] [动量信号1] RETARD IN A SCAM WORLD (SCAMRETARD) on sol — 连涨3轮 +45.2%
[2026-04-28 17:58:27] [动量信号1] NORD (NORD) on sol — 连涨3轮 +18.2%
[2026-04-28 17:58:28] [动量信号3] Luko (LUKO) on sol — 连涨3轮 +49.0%
[2026-04-28 17:58:28] [动量信号1] ? (BEE) on eth — 连涨3轮 +72.8%
[2026-04-28 17:58:29] [动量信号2] ? (BEEKEEPER) on eth — 连涨3轮 +11.3%
[2026-04-28 17:58:29] [动量信号1] ? (PEPETIDE) on eth — 连涨3轮 +8.4%
[2026-04-28 17:58:43] 第6轮: 发现7个, 推送7个 (累计推送24)
[2026-04-28 17:59:18] 扫描 448 个新币...
[2026-04-28 17:59:19] [动量信号1] Scamaltmam (Scam) on sol — 连涨3轮 +6.8%
[2026-04-28 17:59:21] [动量信号1] Beecoin (BEE) on sol — 连涨3轮 +20.5%
[2026-04-28 17:59:23] [动量信号2] RETARD IN A SCAM WORLD (SCAMRETARD) on sol — 连涨3轮 +50.7%
[2026-04-28 17:59:24] [动量信号2] NORD (NORD) on sol — 连涨3轮 +41.5%
[2026-04-28 17:59:25] [动量信号1] Don Colossus (COLOSSUS) on sol — 连涨3轮 +15.1%
[2026-04-28 17:59:25] [动量信号2] ? (BEE) on eth — 连涨3轮 +70.9%
[2026-04-28 17:59:26] [动量信号3] ? (BEEKEEPER) on eth — 连涨3轮 +33.8%
[2026-04-28 17:59:26] [动量信号1] ? (NICE) on eth — 连涨3轮 +18.4%
[2026-04-28 17:59:42] 第7轮: 发现8个, 推送8个 (累计推送32)
[2026-04-28 18:00:17] 扫描 447 个新币...
[2026-04-28 18:00:25] [动量信号2] Scamaltmam (Scam) on sol — 连涨3轮 +6.7%
[2026-04-28 18:00:31] [动量信号2] Beecoin (BEE) on sol — 连涨3轮 +24.4%
[2026-04-28 18:00:31] [动量信号3] ? (BEE) on eth — 连涨3轮 +26.0%
[2026-04-28 18:00:32] [动量信号4] ? (BEEKEEPER) on eth — 连涨3轮 +31.2%
[2026-04-28 18:00:32] [动量信号1] ? (LUCA) on eth — 连涨3轮 +16.0%
[2026-04-28 18:00:32] [动量信号1] ? (SAA) on eth — 连涨3轮 +12.1%
[2026-04-28 18:00:32] [动量信号1] ? (MYSTERY) on eth — 连涨3轮 +8.7%
[2026-04-28 18:00:47] 第8轮: 发现7个, 推送7个 (累计推送39)
[2026-04-28 18:01:22] 扫描 448 个新币...
[2026-04-28 18:01:59] 扫描 448 个新币...
[2026-04-28 18:02:00] [动量信号1] Sound Romeda (ROMEDA) on sol — 连涨3轮 +12.5%
[2026-04-28 18:02:01] [动量信号1] The Chosen Bee (BRANDIE) on sol — 连涨3轮 +214.8%
[2026-04-28 18:02:07] 第10轮: 发现2个, 推送2个 (累计推送41)
[2026-04-28 18:02:43] 扫描 449 个新币...
[2026-04-28 18:02:49] [动量信号3] Beecoin (BEE) on sol — 连涨3轮 +47.3%
[2026-04-28 18:02:53] 第11轮: 发现1个, 推送1个 (累计推送42)
[2026-04-28 18:03:28] 扫描 448 个新币...
[2026-04-28 18:03:30] [动量信号1] Make America Beelieve Again (MABA) on sol — 连涨3轮 +79.8%
[2026-04-28 18:03:30] [动量信号1] ? (MOOYOR) on eth — 连涨3轮 +10.2%
[2026-04-28 18:03:30] [动量信号2] ? (Michael) on eth — 连涨3轮 +8.9%
[2026-04-28 18:03:37] 第12轮: 发现3个, 推送3个 (累计推送45)
[2026-04-28 18:04:12] 扫描 451 个新币...
[2026-04-28 18:04:15] [动量信号1] BURN THIS COIN (BTC) on sol — 连涨3轮 +6.9%
[2026-04-28 18:04:15] [动量信号2] ? (PEPETIDE) on eth — 连涨3轮 +13.0%
[2026-04-28 18:04:21] 第13轮: 发现2个, 推送2个 (累计推送47)
[2026-04-28 18:04:56] 扫描 449 个新币...
[2026-04-28 18:04:57] [动量信号1] TRUF (TRUF) on sol — 连涨3轮 +5.3%
[2026-04-28 18:04:58] [动量信号1] Jane Senders (JANE) on sol — 连涨3轮 +26.2%
[2026-04-28 18:04:59] [动量信号2] BURN THIS COIN (BTC) on sol — 连涨3轮 +12.0%
[2026-04-28 18:05:01] [动量信号4] Beecoin (BEE) on sol — 连涨3轮 +5.0%
[2026-04-28 18:05:03] [动量信号1] The Pollinator of the USA (POTUS) on sol — 连涨3轮 +7.5%
[2026-04-28 18:05:03] [动量信号3] ? (PEPETIDE) on eth — 连涨3轮 +9.2%
[2026-04-28 18:05:03] [动量信号1] ? (OpenLie) on eth — 连涨3轮 +8.7%
[2026-04-28 18:05:18] 第14轮: 发现7个, 推送7个 (累计推送54)
[2026-04-28 18:05:53] 扫描 447 个新币...
[2026-04-28 18:05:55] [动量信号1] TRUF (TRUF) on sol — 连涨3轮 +138.4%
[2026-04-28 18:05:56] [动量信号1] GoblinGremRaccoonTrollOgrePigeon (GGRTOP) on sol — 连涨3轮 +66.9%
[2026-04-28 18:05:57] [动量信号1] goblins (GOBLINS) on sol — 连涨3轮 +42.3%
[2026-04-28 18:05:58] [动量信号2] Make America Beelieve Again (MABA) on sol — 连涨3轮 +14.9%
[2026-04-28 18:06:07] 第15轮: 发现4个, 推送4个 (累计推送58)
[2026-04-28 18:06:42] 扫描 450 个新币...
[2026-04-28 18:06:44] [动量信号1] Uncle Sam Donald Trump (USDT) on sol — 连涨3轮 +34.8%
[2026-04-28 18:06:45] [动量信号1] FAX (FAX) on sol — 连涨3轮 +31.7%
[2026-04-28 18:06:45] [动量信号1] ? (SONIC) on eth — 连涨3轮 +9.0%
[2026-04-28 18:06:46] [动量信号1] ? (ERIC) on eth — 连涨3轮 +38.1%
[2026-04-28 18:06:55] 第16轮: 发现4个, 推送4个 (累计推送62)
[2026-04-28 18:07:30] 扫描 447 个新币...
[2026-04-28 18:07:31] [动量信号2] Uncle Sam Donald Trump (USDT) on sol — 连涨3轮 +55.8%
[2026-04-28 18:07:31] [动量信号2] ? (SONIC) on eth — 连涨3轮 +7.0%
[2026-04-28 18:07:32] [动量信号2] ? (ERIC) on eth — 连涨3轮 +44.6%
[2026-04-28 18:07:39] 第17轮: 发现3个, 推送3个 (累计推送65)
[2026-04-28 18:08:14] 扫描 446 个新币...
[2026-04-28 18:08:15] [动量信号3] Uncle Sam Donald Trump (USDT) on sol — 连涨3轮 +71.9%
[2026-04-28 18:08:15] [动量信号1] ? (😂) on eth — 连涨3轮 +21.7%
[2026-04-28 18:08:15] [动量信号3] ? (ERIC) on eth — 连涨3轮 +31.4%
[2026-04-28 18:08:16] [动量信号1] ? (BEE) on eth — 连涨3轮 +17.6%
[2026-04-28 18:08:25] 第18轮: 发现4个, 推送4个 (累计推送69)
[2026-04-28 18:09:00] 扫描 445 个新币...
[2026-04-28 18:09:01] [动量信号1] goblins (GOBLINS) on sol — 连涨3轮 +6.8%
[2026-04-28 18:09:12] [动量信号3] ? (SONIC) on eth — 连涨3轮 +6.1%
[2026-04-28 18:09:12] [动量信号4] ? (ERIC) on eth — 连涨3轮 +17.3%
[2026-04-28 18:09:19] 第19轮: 发现3个, 推送3个 (累计推送72)
[2026-04-28 18:09:54] 扫描 448 个新币...
[2026-04-28 18:09:56] [动量信号1] 420GREM (420GREM) on sol — 连涨3轮 +16.3%
[2026-04-28 18:09:57] [动量信号4] ? (SONIC) on eth — 连涨3轮 +15.0%
[2026-04-28 18:10:02] 第20轮: 发现2个, 推送2个 (累计推送74)
[2026-04-28 18:10:37] 扫描 447 个新币...
[2026-04-28 18:10:38] [动量信号2] 420GREM (420GREM) on sol — 连涨3轮 +6.4%
[2026-04-28 18:10:41] [动量信号1] Alien Files (Alien) on sol — 连涨3轮 +8.5%
[2026-04-28 18:10:44] [动量信号1] Bee Protector, President Trump (Bee) on sol — 连涨3轮 +9.8%
[2026-04-28 18:10:44] [动量信号5] ? (SONIC) on eth — 连涨3轮 +22.1%
[2026-04-28 18:10:45] [动量信号2] ? (MYSTERY) on eth — 连涨3轮 +7.0%
[2026-04-28 18:10:56] 第21轮: 发现5个, 推送5个 (累计推送79)
[2026-04-28 18:11:40] ==================================================
[2026-04-28 18:11:40] 链上雷达 v1 启动
[2026-04-28 18:11:40] 扫描间隔: 30s
[2026-04-28 18:11:40] 推送逻辑: 动量优先 — 连涨才推，叙事只做分类标签
[2026-04-28 18:11:40] ==================================================
[2026-04-28 18:11:47] 扫描 444 个新币...
[2026-04-28 18:12:26] 扫描 446 个新币...
[2026-04-28 18:13:04] 扫描 448 个新币...
[2026-04-28 18:13:06] [动量信号1] MR BEE N  (BEEN) on sol — 连涨3轮 +5.2%
[2026-04-28 18:13:07] [动量信号1] Me Gusta (GUSTA) on sol — 连涨3轮 +124.2%
[2026-04-28 18:13:11] ==================================================
[2026-04-28 18:13:11] 链上雷达 v1 启动
[2026-04-28 18:13:11] 扫描间隔: 30s
[2026-04-28 18:13:11] 推送逻辑: 动量优先 — 连涨才推，叙事只做分类标签
[2026-04-28 18:13:11] ==================================================
[2026-04-28 18:13:18] 扫描 445 个新币...
[2026-04-28 18:13:57] 扫描 447 个新币...
[2026-04-28 18:14:29] ==================================================
[2026-04-28 18:14:29] 链上雷达 v1 启动
[2026-04-28 18:14:29] 扫描间隔: 30s
[2026-04-28 18:14:29] 推送逻辑: 动量优先 — 连涨才推，叙事只做分类标签
[2026-04-28 18:14:29] ==================================================
[2026-04-28 18:14:35] 扫描 446 个新币...
[2026-04-28 18:15:15] 扫描 449 个新币...
[2026-04-28 18:15:52] 扫描 440 个新币...
[2026-04-28 18:15:56] ==================================================
[2026-04-28 18:15:56] 链上雷达 v1 启动
[2026-04-28 18:15:56] 扫描间隔: 30s
[2026-04-28 18:15:56] 推送逻辑: 动量优先 — 连涨才推，叙事只做分类标签
[2026-04-28 18:15:56] ==================================================
[2026-04-28 18:16:02] 扫描 442 个新币...
[2026-04-28 18:16:42] 扫描 446 个新币...
[2026-04-28 18:18:21] ==================================================
[2026-04-28 18:18:21] 链上雷达 v1 启动
[2026-04-28 18:18:21] 扫描间隔: 30s
[2026-04-28 18:18:21] 推送逻辑: 动量优先 — 连涨才推，叙事只做分类标签
[2026-04-28 18:18:21] ==================================================
[2026-04-28 18:18:28] 扫描 448 个新币...
[2026-04-28 18:19:06] 扫描 446 个新币...
[2026-04-28 18:19:43] 扫描 447 个新币...
[2026-04-28 18:19:44] [动量信号1] The Little Red Dot (Dot) on sol — 连涨3轮 +10.4%
[2026-04-28 18:19:46] [动量信号1] BILLIE JEAN (billie) on sol — 连涨3轮 +11.0%
[2026-04-28 18:19:47] [动量信号1] INVASIVE SPECIES (INVASIVE) on sol — 连涨3轮 +10.3%
[2026-04-28 18:19:55] 第3轮: 发现3个, 推送3个 (累计推送3)
[2026-04-28 18:20:30] 扫描 447 个新币...
[2026-04-28 18:20:32] [动量信号1] renc (renc) on sol — 连涨3轮 +7.4%
[2026-04-28 18:20:32] [动量信号2] INVASIVE SPECIES (INVASIVE) on sol — 连涨3轮 +166.3%
[2026-04-28 18:20:34] [动量信号1] Global Overwatch Protocol (GOP) on sol — 连涨3轮 +13.0%
[2026-04-28 18:20:34] [动量信号1] ? (NICE) on eth — 连涨3轮 +19.7%
[2026-04-28 18:20:42] 第4轮: 发现4个, 推送3个 (累计推送6)
[2026-04-28 18:21:17] 扫描 447 个新币...
[2026-04-28 18:21:18] [动量信号1] RESERVE ASSET OF SOCIAL COMMERCE (RASC) on sol — 连涨3轮 +56.7%
[2026-04-28 18:21:22] 第5轮: 发现1个, 推送1个 (累计推送7)
[2026-04-28 18:21:57] 扫描 447 个新币...
[2026-04-28 18:21:58] [动量信号1] TRALINGA (TRALINGA) on sol — 连涨3轮 +840.9%
[2026-04-28 18:21:59] [动量信号1] Tim Kook (TIMKOOK) on sol — 连涨3轮 +39.6%
[2026-04-28 18:22:01] [动量信号2] RESERVE ASSET OF SOCIAL COMMERCE (RASC) on sol — 连涨3轮 +31.0%
[2026-04-28 18:22:02] [动量信号2] The Little Red Dot (Dot) on sol — 连涨3轮 +19.9%
[2026-04-28 18:22:03] [动量信号1] Aphex twink (twink) on sol — 连涨3轮 +5.3%
[2026-04-28 18:22:15] 第6轮: 发现5个, 推送5个 (累计推送12)
[2026-04-28 18:23:34] ==================================================
[2026-04-28 18:23:34] 链上雷达 v1 启动
[2026-04-28 18:23:34] 扫描间隔: 30s
[2026-04-28 18:23:34] 推送逻辑: 动量优先 — 连涨才推，叙事只做分类标签
[2026-04-28 18:23:34] ==================================================
[2026-04-28 18:23:41] 扫描 449 个新币...
[2026-04-28 18:24:19] 扫描 447 个新币...
[2026-04-28 18:25:05] 扫描 444 个新币...
[2026-04-28 18:25:09] [动量信号1] P-GPT (PGPT) on sol — 连涨3轮 +44.6%
[2026-04-28 18:25:09] [动量信号1] ? (MOOYOR) on eth — 连涨3轮 +17.7%
[2026-04-28 18:25:09] [动量信号1] ? (BEE) on eth — 连涨3轮 +48.8%
[2026-04-28 18:25:13] 第3轮: 发现3个, 推送1个 (累计推送1)
[2026-04-28 18:28:44] ==================================================
[2026-04-28 18:28:44] 链上雷达 v1 启动
[2026-04-28 18:28:44] 扫描间隔: 30s
[2026-04-28 18:28:44] 推送逻辑: 动量优先 — 连涨才推，叙事只做分类标签
[2026-04-28 18:28:44] ==================================================
[2026-04-28 18:28:51] 扫描 450 个新币...
[2026-04-28 18:29:32] 扫描 448 个新币...
[2026-04-28 18:30:10] 扫描 448 个新币...
[2026-04-28 18:30:12] [动量信号1] atna (atna) on sol — 连涨3轮 +88.3%
[2026-04-28 18:30:13] [动量信号1] Retardebate (RETARDEBATE) on sol — 连涨3轮 +56.2%
[2026-04-28 18:30:14] [动量信号1] PolyTerm (PolyTerm) on sol — 连涨3轮 +19.2%
[2026-04-28 18:30:15] [动量信号1] Wurld Liburtee Funanciel (WLFI) on sol — 连涨3轮 +8.3%
[2026-04-28 18:30:15] [动量信号1] ? (ARMA) on eth — 连涨3轮 +8.4%
[2026-04-28 18:30:25] 第3轮: 发现5个, 推送4个 (累计推送4)
[2026-04-28 18:31:01] 扫描 449 个新币...
[2026-04-28 18:31:02] [动量信号2] PolyTerm (PolyTerm) on sol — 连涨3轮 +25.7%
[2026-04-28 18:31:02] [动量信号1] ? (CREEPER) on eth — 连涨3轮 +44.2%
[2026-04-28 18:31:03] [动量信号1] ? (SNORT) on eth — 连涨3轮 +7.4%
[2026-04-28 18:31:06] 第4轮: 发现3个, 推送1个 (累计推送5)
[2026-04-28 18:41:50] ==================================================
[2026-04-28 18:41:50] 链上雷达 v1 启动
[2026-04-28 18:41:50] 扫描间隔: 30s
[2026-04-28 18:41:50] 推送逻辑: 动量优先 — 连涨才推，叙事只做分类标签
[2026-04-28 18:41:50] ==================================================
[2026-04-28 18:41:57] 扫描 449 个新币...
[2026-04-28 18:42:37] 扫描 449 个新币...
[2026-04-28 18:42:57] ==================================================
[2026-04-28 18:42:57] 链上雷达 v1 启动
[2026-04-28 18:42:57] 扫描间隔: 30s
[2026-04-28 18:42:57] 推送逻辑: 动量优先 — 连涨才推，叙事只做分类标签
[2026-04-28 18:42:57] ==================================================
[2026-04-28 18:43:03] 扫描 450 个新币...
[2026-04-28 18:43:14] 扫描 451 个新币...
[2026-04-28 18:43:15] [动量信号1] ? (SCAM) on eth — 连涨3轮 +22.9%
[2026-04-28 18:43:15] [动量信号1] ? (YFSX) on base — 连涨3轮 +5.9%
[2026-04-28 18:43:40] 扫描 449 个新币...
[2026-04-28 18:43:52] 扫描 451 个新币...
[2026-04-28 18:44:30] 扫描 448 个新币...
[2026-04-28 18:45:07] 扫描 446 个新币...
[2026-04-28 18:45:45] 扫描 452 个新币...
[2026-04-28 18:46:23] 扫描 452 个新币...
[2026-04-28 18:46:23] [动量信号1] ? (ethirium) on eth — 连涨3轮 +11.0%
[2026-04-28 18:47:00] 扫描 452 个新币...
[2026-04-28 18:47:01] [动量信号2] ? (ethirium) on eth — 连涨3轮 +7.6%
[2026-04-28 18:47:37] 扫描 453 个新币...
[2026-04-28 18:47:38] [动量信号1] ? (APHEX) on eth — 连涨3轮 +43.3%
[2026-04-28 18:47:38] [动量信号1] ? (APHEX) on eth — 连涨3轮 +23.9%
[2026-04-28 18:47:38] [动量信号3] ? (ethirium) on eth — 连涨3轮 +7.2%
[2026-04-28 18:48:15] 扫描 450 个新币...
[2026-04-28 18:48:15] [动量信号2] ? (APHEX) on eth — 连涨3轮 +49.5%
[2026-04-28 18:48:16] [动量信号4] ? (ethirium) on eth — 连涨3轮 +6.6%
[2026-04-28 18:48:53] 扫描 451 个新币...
[2026-04-28 18:49:30] 扫描 452 个新币...
[2026-04-28 18:50:08] 扫描 451 个新币...
[2026-04-28 18:50:46] 扫描 452 个新币...
[2026-04-28 18:51:24] 扫描 455 个新币...
[2026-04-28 18:52:01] 扫描 452 个新币...
[2026-04-28 18:52:39] 扫描 451 个新币...
[2026-04-28 18:53:17] 扫描 453 个新币...
[2026-04-28 18:53:55] 扫描 454 个新币...
[2026-04-28 18:53:58] 第20轮: 无新信号 (累计推送0)
[2026-04-28 18:54:33] 扫描 455 个新币...
[2026-04-28 18:55:11] 扫描 455 个新币...
[2026-04-28 18:55:48] 扫描 454 个新币...
[2026-04-28 18:56:25] 扫描 455 个新币...
[2026-04-28 18:57:03] 扫描 455 个新币...
[2026-04-28 18:57:41] 扫描 455 个新币...
[2026-04-28 18:58:19] 扫描 451 个新币...
[2026-04-28 18:58:56] 扫描 454 个新币...
[2026-04-28 18:59:34] 扫描 451 个新币...
[2026-04-28 19:00:11] 扫描 453 个新币...
[2026-04-28 19:00:49] 扫描 452 个新币...
[2026-04-28 19:01:26] 扫描 453 个新币...
[2026-04-28 19:02:04] 扫描 452 个新币...
[2026-04-28 19:02:41] 扫描 449 个新币...
[2026-04-28 19:03:18] 扫描 452 个新币...
[2026-04-28 19:03:55] 扫描 452 个新币...
[2026-04-28 19:04:33] 扫描 453 个新币...
[2026-04-28 19:05:10] 扫描 449 个新币...
[2026-04-28 19:05:10] [动量信号1] ? (SENDY ) on eth — 连涨3轮 +214.3%
[2026-04-28 19:05:47] 扫描 452 个新币...
[2026-04-28 19:05:48] [动量信号1] ? (LOKI) on eth — 连涨3轮 +37.7%
[2026-04-28 19:05:48] [动量信号2] ? (SENDY ) on eth — 连涨3轮 +76.5%
[2026-04-28 19:06:25] 扫描 448 个新币...
[2026-04-28 19:06:27] 第40轮: 无新信号 (累计推送0)
[2026-04-28 19:07:02] 扫描 451 个新币...
[2026-04-28 19:07:40] 扫描 451 个新币...
[2026-04-28 19:08:17] 扫描 456 个新币...
[2026-04-28 19:08:17] [动量信号3] ? (SENDY ) on eth — 连涨3轮 +43.8%
[2026-04-28 19:08:55] 扫描 452 个新币...
[2026-04-28 19:09:32] 扫描 451 个新币...
[2026-04-28 19:09:32] [动量信号1] ? (OG) on eth — 连涨3轮 +8.9%
[2026-04-28 19:10:10] 扫描 454 个新币...
[2026-04-28 19:10:48] 扫描 450 个新币...
[2026-04-28 19:11:25] 扫描 454 个新币...
[2026-04-28 19:12:02] 扫描 455 个新币...
[2026-04-28 19:12:03] [动量信号1] ? (SUBF) on eth — 连涨3轮 +37.7%
[2026-04-28 19:12:03] [动量信号2] ? (OG) on eth — 连涨3轮 +41.5%
[2026-04-28 19:12:03] [动量信号1] ? (MOONKIN) on base — 连涨3轮 +7.3%
[2026-04-28 19:12:40] 扫描 454 个新币...
[2026-04-28 19:13:18] 扫描 453 个新币...
[2026-04-28 19:13:56] 扫描 455 个新币...
[2026-04-28 19:14:34] 扫描 450 个新币...
[2026-04-28 19:15:11] 扫描 454 个新币...
[2026-04-28 19:15:49] 扫描 453 个新币...
[2026-04-28 19:16:26] 扫描 451 个新币...
[2026-04-28 19:17:04] 扫描 450 个新币...
[2026-04-28 19:17:05] [动量信号1] ? (BEEKEEPER) on eth — 连涨3轮 +10.6%
[2026-04-28 19:17:43] 扫描 453 个新币...
[2026-04-28 19:18:21] 扫描 451 个新币...
[2026-04-28 19:18:21] [动量信号1] ? (PEPETIDE) on eth — 连涨3轮 +6.6%
[2026-04-28 19:18:58] 扫描 453 个新币...
[2026-04-28 19:18:58] [动量信号1] ? (MIM) on eth — 连涨3轮 +6.1%
[2026-04-28 19:19:00] 第60轮: 无新信号 (累计推送0)
[2026-04-28 19:19:37] 扫描 450 个新币...
[2026-04-28 19:19:37] [动量信号3] ? (OG) on eth — 连涨3轮 +11.5%
[2026-04-28 19:19:37] [动量信号4] ? (SENDY ) on eth — 连涨3轮 +6.0%
[2026-04-28 19:20:14] 扫描 452 个新币...
[2026-04-28 19:20:52] 扫描 452 个新币...
[2026-04-28 19:20:52] [动量信号2] ? (SUBF) on eth — 连涨3轮 +34.4%
[2026-04-28 19:21:29] 扫描 453 个新币...
[2026-04-28 19:21:30] [动量信号3] ? (SUBF) on eth — 连涨3轮 +19.6%
[2026-04-28 19:22:07] 扫描 453 个新币...
[2026-04-28 19:22:07] [动量信号1] ? (SONIC) on eth — 连涨3轮 +22.1%
[2026-04-28 19:23:15] 扫描 443 个新币...
[2026-04-28 19:23:15] [动量信号1] ? (pPEG) on eth — 连涨3轮 +10.3%
[2026-04-28 19:23:53] 扫描 450 个新币...
[2026-04-28 19:24:31] 扫描 453 个新币...
[2026-04-28 19:24:31] [动量信号1] ? (DOG) on eth — 连涨3轮 +5.2%
[2026-04-28 19:25:08] 扫描 451 个新币...
[2026-04-28 19:25:45] 扫描 450 个新币...
[2026-04-28 19:26:22] 扫描 454 个新币...
[2026-04-28 19:26:59] 扫描 456 个新币...
[2026-04-28 19:27:00] [动量信号1] ? (ARMA) on eth — 连涨3轮 +14.9%
[2026-04-28 19:27:38] 扫描 449 个新币...
[2026-04-28 19:28:15] 扫描 454 个新币...
[2026-04-28 19:28:53] 扫描 452 个新币...
[2026-04-28 19:29:31] 扫描 451 个新币...
[2026-04-28 19:30:09] 扫描 453 个新币...
[2026-04-28 19:30:47] 扫描 452 个新币...
[2026-04-28 19:31:24] 扫描 454 个新币...
[2026-04-28 19:32:02] 扫描 449 个新币...
[2026-04-28 19:32:04] 第80轮: 无新信号 (累计推送0)
[2026-04-28 19:32:40] 扫描 451 个新币...
[2026-04-28 19:33:17] 扫描 452 个新币...
[2026-04-28 19:33:55] 扫描 452 个新币...
[2026-04-28 19:34:33] 扫描 450 个新币...
[2026-04-28 19:35:10] 扫描 450 个新币...
[2026-04-28 19:35:49] 扫描 451 个新币...
[2026-04-28 19:35:49] [动量信号1] ? (EITHER) on base — 连涨3轮 +7.1%
[2026-04-28 19:36:27] 扫描 452 个新币...
[2026-04-28 19:36:27] [动量信号1] ? (CLIPPY) on eth — 连涨3轮 +33.6%
[2026-04-28 19:36:27] [动量信号2] ? (EITHER) on base — 连涨3轮 +6.5%
[2026-04-28 19:37:05] 扫描 452 个新币...
[2026-04-28 19:37:06] [动量信号2] ? (CLIPPY) on eth — 连涨3轮 +63.3%
[2026-04-28 19:37:43] 扫描 453 个新币...
[2026-04-28 19:38:22] 扫描 449 个新币...
[2026-04-28 19:38:59] 扫描 447 个新币...
[2026-04-28 19:39:53] 扫描 447 个新币...
[2026-04-28 19:40:30] 扫描 444 个新币...
[2026-04-28 19:40:30] [动量信号1] ? (CLIPPY) on eth — 连涨3轮 +7.8%
[2026-04-28 19:41:08] 扫描 443 个新币...
[2026-04-28 19:41:08] [动量信号1] ? (NICE) on eth — 连涨3轮 +25.1%
[2026-04-28 19:41:47] 扫描 446 个新币...
[2026-04-28 19:42:24] 扫描 450 个新币...
[2026-04-28 19:43:02] 扫描 448 个新币...
[2026-04-28 19:43:39] 扫描 448 个新币...
[2026-04-28 19:44:17] 扫描 449 个新币...
[2026-04-28 19:44:54] 扫描 449 个新币...
[2026-04-28 19:44:54] [动量信号1] ? (AI) on eth — 连涨3轮 +32.0%
[2026-04-28 19:44:56] 第100轮: 无新信号 (累计推送0)
[2026-04-28 19:45:31] 扫描 449 个新币...
[2026-04-28 19:46:09] 扫描 449 个新币...
[2026-04-28 19:46:46] 扫描 447 个新币...
[2026-04-28 19:47:24] 扫描 446 个新币...
[2026-04-28 19:48:01] 扫描 447 个新币...
[2026-04-28 19:48:38] 扫描 449 个新币...
[2026-04-28 19:49:16] 扫描 447 个新币...
[2026-04-28 19:49:16] [动量信号1] ? (ethirium) on eth — 连涨3轮 +8.1%
[2026-04-28 19:49:54] 扫描 448 个新币...
[2026-04-28 19:49:54] [动量信号2] ? (ethirium) on eth — 连涨3轮 +11.5%
[2026-04-28 19:49:54] [动量信号1] ? (CATDOG) on eth — 连涨3轮 +9.8%
[2026-04-28 19:50:31] 扫描 447 个新币...
[2026-04-28 19:50:31] [动量信号3] ? (ethirium) on eth — 连涨3轮 +8.9%
[2026-04-28 19:51:09] 扫描 450 个新币...
[2026-04-28 19:51:10] [动量信号4] ? (ethirium) on eth — 连涨3轮 +9.8%
[2026-04-28 19:51:47] 扫描 444 个新币...
[2026-04-28 19:52:25] 扫描 446 个新币...
[2026-04-28 19:53:03] 扫描 446 个新币...
[2026-04-28 19:53:04] [动量信号5] ? (ethirium) on eth — 连涨3轮 +8.3%
[2026-04-28 19:53:41] 扫描 448 个新币...
[2026-04-28 19:53:42] [动量信号6] ? (ethirium) on eth — 连涨3轮 +10.2%
[2026-04-28 19:54:19] 扫描 449 个新币...
[2026-04-28 19:54:19] [动量信号7] ? (ethirium) on eth — 连涨3轮 +6.7%
[2026-04-28 19:54:57] 扫描 450 个新币...
[2026-04-28 19:54:57] [动量信号8] ? (ethirium) on eth — 连涨3轮 +7.1%
[2026-04-28 19:55:34] 扫描 450 个新币...
[2026-04-28 19:55:35] [动量信号9] ? (ethirium) on eth — 连涨3轮 +8.7%
[2026-04-28 19:56:12] 扫描 447 个新币...
[2026-04-28 19:56:12] [动量信号10] ? (ethirium) on eth — 连涨3轮 +5.2%
[2026-04-28 19:56:50] 扫描 448 个新币...
[2026-04-28 19:57:28] 扫描 444 个新币...
[2026-04-28 19:57:31] 第120轮: 无新信号 (累计推送0)
[2026-04-28 19:58:06] 扫描 444 个新币...
[2026-04-28 19:58:44] 扫描 448 个新币...
[2026-04-28 19:58:44] [动量信号1] ? (CHRONOEFFE) on base — 连涨3轮 +9.2%
[2026-04-28 19:59:22] 扫描 445 个新币...
[2026-04-28 19:59:59] 扫描 448 个新币...
[2026-04-28 19:59:59] [动量信号11] ? (ethirium) on eth — 连涨3轮 +15.5%
[2026-04-28 20:00:36] 扫描 445 个新币...
[2026-04-28 20:00:36] [动量信号12] ? (ethirium) on eth — 连涨3轮 +15.8%
[2026-04-28 20:01:14] 扫描 448 个新币...
[2026-04-28 20:01:14] [动量信号1] ? (SCAM) on eth — 连涨3轮 +15.7%
[2026-04-28 20:01:52] 扫描 446 个新币...
[2026-04-28 20:02:29] 扫描 445 个新币...
[2026-04-28 20:03:07] 扫描 447 个新币...
[2026-04-28 20:03:44] 扫描 450 个新币...
[2026-04-28 20:03:44] [动量信号2] ? (SONIC) on eth — 连涨3轮 +26.5%
[2026-04-28 20:04:22] 扫描 447 个新币...
[2026-04-28 20:04:22] [动量信号3] ? (SONIC) on eth — 连涨3轮 +14.3%
[2026-04-28 20:05:00] 扫描 448 个新币...
[2026-04-28 20:05:00] [动量信号4] ? (SONIC) on eth — 连涨3轮 +5.4%
[2026-04-28 20:05:00] [动量信号2] ? (PEPETIDE) on eth — 连涨3轮 +16.3%
[2026-04-28 20:05:00] [动量信号1] ? (Tusk) on eth — 连涨3轮 +7.5%
[2026-04-28 20:05:37] 扫描 446 个新币...
[2026-04-28 20:06:14] 扫描 443 个新币...
[2026-04-28 20:06:52] 扫描 446 个新币...
[2026-04-28 20:07:29] 扫描 445 个新币...
[2026-04-28 20:07:29] [动量信号2] ? (pPEG) on eth — 连涨3轮 +6.3%
[2026-04-28 20:08:07] 扫描 444 个新币...
[2026-04-28 20:08:44] 扫描 443 个新币...
[2026-04-28 20:09:22] 扫描 443 个新币...
[2026-04-28 20:09:22] [动量信号13] ? (ethirium) on eth — 连涨3轮 +7.8%
[2026-04-28 20:09:22] [动量信号3] ? (pPEG) on eth — 连涨3轮 +10.1%
[2026-04-28 20:10:00] 扫描 442 个新币...
[2026-04-28 20:10:02] 第140轮: 无新信号 (累计推送0)
[2026-04-28 20:10:37] 扫描 445 个新币...
[2026-04-28 20:11:15] 扫描 439 个新币...
[2026-04-28 20:11:53] 扫描 444 个新币...
[2026-04-28 20:11:53] [动量信号14] ? (ethirium) on eth — 连涨3轮 +12.5%
[2026-04-28 20:12:31] 扫描 445 个新币...
[2026-04-28 20:12:32] [动量信号5] ? (SONIC) on eth — 连涨3轮 +13.5%
[2026-04-28 20:13:09] 扫描 440 个新币...
[2026-04-28 20:13:10] [动量信号15] ? (ethirium) on eth — 连涨3轮 +5.5%
[2026-04-28 20:13:10] [动量信号6] ? (SONIC) on eth — 连涨3轮 +12.5%
[2026-04-28 20:13:47] 扫描 442 个新币...
[2026-04-28 20:14:24] 扫描 440 个新币...
[2026-04-28 20:15:02] 扫描 440 个新币...
[2026-04-28 20:15:40] 扫描 440 个新币...
[2026-04-28 20:16:17] 扫描 439 个新币...
[2026-04-28 20:16:55] 扫描 440 个新币...
[2026-04-28 20:17:33] 扫描 440 个新币...
[2026-04-28 20:18:10] 扫描 439 个新币...
[2026-04-28 20:18:48] 扫描 440 个新币...
[2026-04-28 20:19:27] 扫描 438 个新币...
[2026-04-28 20:20:05] 扫描 440 个新币...
[2026-04-28 20:20:42] 扫描 437 个新币...
[2026-04-28 20:21:20] 扫描 441 个新币...
[2026-04-28 20:21:58] 扫描 435 个新币...
[2026-04-28 20:22:35] 扫描 437 个新币...
[2026-04-28 20:22:37] 第160轮: 无新信号 (累计推送0)
[2026-04-28 20:23:12] 扫描 438 个新币...
[2026-04-28 20:23:51] 扫描 435 个新币...
[2026-04-28 20:23:51] [动量信号1] ? (PICKLES) on eth — 连涨3轮 +28.9%
[2026-04-28 20:24:28] 扫描 440 个新币...
[2026-04-28 20:25:06] 扫描 439 个新币...
[2026-04-28 20:25:44] 扫描 438 个新币...
[2026-04-28 20:25:44] [动量信号2] ? (PICKLES) on eth — 连涨3轮 +17.6%
[2026-04-28 20:26:22] 扫描 439 个新币...
[2026-04-28 20:26:22] [动量信号2] ? (SCAM) on eth — 连涨3轮 +7.3%
[2026-04-28 20:27:00] 扫描 440 个新币...
[2026-04-28 20:27:37] 扫描 438 个新币...
[2026-04-28 20:27:37] [动量信号1] ? (BITTY) on eth — 连涨3轮 +36.4%
[2026-04-28 20:28:15] 扫描 440 个新币...
[2026-04-28 20:28:15] [动量信号2] ? (BITTY) on eth — 连涨3轮 +53.1%
[2026-04-28 20:28:52] 扫描 442 个新币...
[2026-04-28 20:28:52] [动量信号3] ? (BITTY) on eth — 连涨3轮 +53.3%
[2026-04-28 20:29:29] 扫描 440 个新币...
[2026-04-28 20:30:07] 扫描 441 个新币...
[2026-04-28 20:30:45] 扫描 439 个新币...
[2026-04-28 20:31:23] 扫描 441 个新币...
[2026-04-28 20:32:01] 扫描 441 个新币...
[2026-04-28 20:32:01] [动量信号7] ? (SONIC) on eth — 连涨3轮 +13.3%
[2026-04-28 20:32:38] 扫描 442 个新币...
[2026-04-28 20:33:16] 扫描 442 个新币...
[2026-04-28 20:33:53] 扫描 442 个新币...
[2026-04-28 20:34:31] 扫描 434 个新币...
[2026-04-28 20:34:31] [动量信号1] ? ($DORKLORD) on eth — 连涨3轮 +91.8%
[2026-04-28 20:35:08] 扫描 440 个新币...
[2026-04-28 20:35:11] 第180轮: 无新信号 (累计推送0)
[2026-04-28 20:35:46] 扫描 442 个新币...
[2026-04-28 20:36:24] 扫描 443 个新币...
[2026-04-28 20:37:01] 扫描 443 个新币...
[2026-04-28 20:37:39] 扫描 442 个新币...
[2026-04-28 20:38:16] 扫描 442 个新币...
[2026-04-28 20:38:53] 扫描 443 个新币...
[2026-04-28 20:39:30] 扫描 446 个新币...
[2026-04-28 20:40:08] 扫描 443 个新币...
[2026-04-28 20:40:45] 扫描 442 个新币...
[2026-04-28 20:41:23] 扫描 443 个新币...
[2026-04-28 20:42:00] 扫描 437 个新币...
[2026-04-28 20:42:37] 扫描 440 个新币...
[2026-04-28 20:43:15] 扫描 443 个新币...
[2026-04-28 20:43:15] [动量信号1] ? (FWC) on eth — 连涨3轮 +6.8%
[2026-04-28 20:43:53] 扫描 444 个新币...
[2026-04-28 20:44:30] 扫描 438 个新币...
[2026-04-28 20:45:07] 扫描 443 个新币...
[2026-04-28 20:45:08] [动量信号1] ? (APHEX) on eth — 连涨3轮 +10.7%
[2026-04-28 20:45:45] 扫描 444 个新币...
[2026-04-28 20:45:45] [动量信号2] ? (APHEX) on eth — 连涨3轮 +9.9%
[2026-04-28 20:46:22] 扫描 442 个新币...
[2026-04-28 20:47:00] 扫描 442 个新币...
[2026-04-28 20:47:00] [动量信号2] ? ($DORKLORD) on eth — 连涨3轮 +26.2%
[2026-04-28 20:47:37] 扫描 446 个新币...
[2026-04-28 20:47:37] [动量信号3] ? (PEPETIDE) on eth — 连涨3轮 +6.8%
[2026-04-28 20:47:40] 第200轮: 无新信号 (累计推送0)
[2026-04-28 20:48:15] 扫描 447 个新币...
[2026-04-28 20:48:52] 扫描 447 个新币...
[2026-04-28 20:48:52] [动量信号1] ? (BASTEROID) on base — 连涨3轮 +15.2%
[2026-04-28 20:49:30] 扫描 443 个新币...
[2026-04-28 20:50:07] 扫描 443 个新币...
[2026-04-28 20:50:45] 扫描 445 个新币...
[2026-04-28 20:51:22] 扫描 443 个新币...
[2026-04-28 20:51:59] 扫描 445 个新币...
[2026-04-28 20:52:37] 扫描 444 个新币...
[2026-04-28 20:53:15] 扫描 447 个新币...
[2026-04-28 20:53:52] 扫描 446 个新币...
[2026-04-28 20:54:30] 扫描 443 个新币...
[2026-04-28 20:55:08] 扫描 445 个新币...
[2026-04-28 20:55:08] [动量信号1] ? (CRAZY) on eth — 连涨3轮 +8.0%
[2026-04-28 20:55:45] 扫描 448 个新币...
[2026-04-28 20:56:22] 扫描 449 个新币...
[2026-04-28 20:57:00] 扫描 448 个新币...
[2026-04-28 20:57:37] 扫描 447 个新币...
[2026-04-28 20:58:14] 扫描 447 个新币...
[2026-04-28 20:58:52] 扫描 447 个新币...
[2026-04-28 20:59:29] 扫描 445 个新币...
[2026-04-28 20:59:30] [动量信号4] ? (PEPETIDE) on eth — 连涨3轮 +19.9%
[2026-04-28 21:00:06] 扫描 450 个新币...
[2026-04-28 21:00:09] 第220轮: 无新信号 (累计推送0)
[2026-04-28 21:00:44] 扫描 447 个新币...
[2026-04-28 21:01:21] 扫描 449 个新币...
[2026-04-28 21:01:58] 扫描 448 个新币...
[2026-04-28 21:02:36] 扫描 450 个新币...
[2026-04-28 21:03:14] 扫描 446 个新币...
[2026-04-28 21:03:51] 扫描 447 个新币...
[2026-04-28 21:04:29] 扫描 447 个新币...
[2026-04-28 21:04:29] [动量信号1] ? (AI) on eth — 连涨3轮 +40.9%
[2026-04-28 21:05:06] 扫描 441 个新币...
[2026-04-28 21:05:44] 扫描 442 个新币...
[2026-04-28 21:06:22] 扫描 448 个新币...
[2026-04-28 21:07:00] 扫描 451 个新币...
[2026-04-28 21:07:38] 扫描 447 个新币...
[2026-04-28 21:08:15] 扫描 447 个新币...
[2026-04-28 21:08:52] 扫描 447 个新币...
[2026-04-28 21:09:30] 扫描 446 个新币...
[2026-04-28 21:10:07] 扫描 448 个新币...
[2026-04-28 21:10:44] 扫描 444 个新币...
[2026-04-28 21:11:22] 扫描 447 个新币...
[2026-04-28 21:11:59] 扫描 445 个新币...
[2026-04-28 21:12:36] 扫描 448 个新币...
[2026-04-28 21:12:36] [动量信号1] ? (TRU) on eth — 连涨3轮 +15.6%
[2026-04-28 21:12:38] 第240轮: 无新信号 (累计推送0)
[2026-04-28 21:13:13] 扫描 446 个新币...
[2026-04-28 21:13:14] [动量信号1] ? (FFOGon) on base — 连涨3轮 +13.1%
[2026-04-28 21:13:51] 扫描 442 个新币...
[2026-04-28 21:14:29] 扫描 445 个新币...
[2026-04-28 21:15:06] 扫描 443 个新币...
[2026-04-28 21:15:44] 扫描 447 个新币...
[2026-04-28 21:16:21] 扫描 447 个新币...
[2026-04-28 21:16:58] 扫描 441 个新币...
[2026-04-28 21:17:36] 扫描 447 个新币...
[2026-04-28 21:17:36] [动量信号1] ? (RUJI) on base — 连涨3轮 +9.9%
[2026-04-28 21:18:14] 扫描 449 个新币...
[2026-04-28 21:18:14] [动量信号2] ? (RUJI) on base — 连涨3轮 +15.2%
[2026-04-28 21:18:51] 扫描 448 个新币...
[2026-04-28 21:18:52] [动量信号1] ? (SIMSCAT) on eth — 连涨3轮 +5.1%
[2026-04-28 21:19:29] 扫描 449 个新币...
[2026-04-28 21:19:29] [动量信号3] ? (RUJI) on base — 连涨3轮 +11.6%
[2026-04-28 21:20:07] 扫描 447 个新币...
[2026-04-28 21:20:07] [动量信号1] ? (MIDI) on eth — 连涨3轮 +145.5%
[2026-04-28 21:20:44] 扫描 450 个新币...
[2026-04-28 21:20:45] [动量信号2] ? (MIDI) on eth — 连涨3轮 +112.6%
[2026-04-28 21:21:22] 扫描 449 个新币...
[2026-04-28 21:21:59] 扫描 450 个新币...
[2026-04-28 21:22:37] 扫描 448 个新币...
[2026-04-28 21:22:38] [动量信号3] ? (MIDI) on eth — 连涨3轮 +91.3%
[2026-04-28 21:23:15] 扫描 447 个新币...
[2026-04-28 21:23:52] 扫描 447 个新币...
[2026-04-28 21:24:30] 扫描 446 个新币...
[2026-04-28 21:25:09] 扫描 447 个新币...
[2026-04-28 21:25:09] [动量信号4] ? (MIDI) on eth — 连涨3轮 +114.6%
[2026-04-28 21:25:11] 第260轮: 无新信号 (累计推送0)
[2026-04-28 21:25:46] 扫描 447 个新币...
[2026-04-28 21:26:24] 扫描 451 个新币...
[2026-04-28 21:27:01] 扫描 449 个新币...
[2026-04-28 21:27:39] 扫描 446 个新币...
[2026-04-28 21:28:17] 扫描 447 个新币...
[2026-04-28 21:28:54] 扫描 449 个新币...
[2026-04-28 21:29:33] 扫描 448 个新币...
[2026-04-28 21:30:10] 扫描 448 个新币...
[2026-04-28 21:30:48] 扫描 445 个新币...
[2026-04-28 21:31:25] 扫描 448 个新币...
[2026-04-28 21:32:04] 扫描 444 个新币...
[2026-04-28 21:32:41] 扫描 447 个新币...
[2026-04-28 21:32:42] [动量信号1] ? (TUSK) on eth — 连涨3轮 +5.4%
[2026-04-28 21:33:20] 扫描 445 个新币...
[2026-04-28 21:33:57] 扫描 449 个新币...
[2026-04-28 21:34:35] 扫描 449 个新币...
[2026-04-28 21:35:12] 扫描 440 个新币...
[2026-04-28 21:35:51] 扫描 450 个新币...
[2026-04-28 21:36:28] 扫描 450 个新币...
[2026-04-28 21:36:28] [动量信号1] ? (AIB) on eth — 连涨3轮 +5.2%
[2026-04-28 21:37:07] 扫描 452 个新币...
[2026-04-28 21:37:44] 扫描 450 个新币...
[2026-04-28 21:37:46] 第280轮: 无新信号 (累计推送0)
[2026-04-28 21:38:21] 扫描 451 个新币...
[2026-04-28 21:38:22] [动量信号1] ? (DERP) on eth — 连涨3轮 +5.3%
[2026-04-28 21:39:00] 扫描 453 个新币...
[2026-04-28 21:39:37] 扫描 452 个新币...
[2026-04-28 21:39:38] [动量信号1] ? (GOBLIN) on eth — 连涨3轮 +296.4%
[2026-04-28 21:39:38] [动量信号1] ? (RISE) on base — 连涨3轮 +7.6%
[2026-04-28 21:40:16] 扫描 455 个新币...
[2026-04-28 21:40:16] [动量信号2] ? (RISE) on base — 连涨3轮 +8.8%
[2026-04-28 21:40:53] 扫描 453 个新币...
[2026-04-28 21:40:54] [动量信号1] ? (XERO) on base — 连涨3轮 +8.6%
[2026-04-28 21:41:31] 扫描 457 个新币...
[2026-04-28 21:41:32] [动量信号1] ? (BITTY) on eth — 连涨3轮 +35.5%
[2026-04-28 21:41:32] [动量信号2] ? (XERO) on base — 连涨3轮 +10.7%
[2026-04-28 21:42:09] 扫描 456 个新币...
[2026-04-28 21:42:47] 扫描 456 个新币...
[2026-04-28 21:42:47] [动量信号3] ? (XERO) on base — 连涨3轮 +11.5%
[2026-04-28 21:43:24] 扫描 452 个新币...
[2026-04-28 21:44:03] 扫描 449 个新币...
[2026-04-28 21:44:03] [动量信号4] ? (XERO) on base — 连涨3轮 +9.4%
[2026-04-28 21:44:40] 扫描 456 个新币...
[2026-04-28 21:44:41] [动量信号5] ? (XERO) on base — 连涨3轮 +6.0%
[2026-04-28 21:45:19] 扫描 455 个新币...
[2026-04-28 21:45:56] 扫描 455 个新币...
[2026-04-28 21:45:56] [动量信号1] ? (UNICURVE) on eth — 连涨3轮 +5.4%
[2026-04-28 21:46:34] 扫描 453 个新币...
[2026-04-28 21:46:34] [动量信号2] ? (UNICURVE) on eth — 连涨3轮 +5.8%
[2026-04-28 21:47:11] 扫描 450 个新币...
[2026-04-28 21:47:49] 扫描 452 个新币...
[2026-04-28 21:48:26] 扫描 450 个新币...
[2026-04-28 21:49:05] 扫描 449 个新币...
[2026-04-28 21:49:42] 扫描 450 个新币...
[2026-04-28 21:50:20] 扫描 451 个新币...
[2026-04-28 21:50:23] 第300轮: 无新信号 (累计推送0)
[2026-04-28 21:50:58] 扫描 450 个新币...
[2026-04-28 21:51:35] 扫描 445 个新币...
[2026-04-28 21:52:13] 扫描 449 个新币...
[2026-04-28 21:52:51] 扫描 450 个新币...
[2026-04-28 21:53:28] 扫描 450 个新币...
[2026-04-28 21:54:05] 扫描 447 个新币...
[2026-04-28 21:54:43] 扫描 449 个新币...
[2026-04-28 21:55:20] 扫描 448 个新币...
[2026-04-28 21:55:57] 扫描 451 个新币...
[2026-04-28 21:56:35] 扫描 447 个新币...
[2026-04-28 21:57:13] 扫描 445 个新币...
[2026-04-28 21:57:13] [动量信号1] ? (FFOGon) on base — 连涨3轮 +8.5%
[2026-04-28 21:57:51] 扫描 448 个新币...
[2026-04-28 21:57:51] [动量信号1] ? (MYSTERY) on eth — 连涨3轮 +5.8%
[2026-04-28 21:57:51] [动量信号2] ? (FFOGon) on base — 连涨3轮 +6.0%
[2026-04-28 21:58:29] 扫描 447 个新币...
[2026-04-28 21:59:07] 扫描 447 个新币...
[2026-04-28 21:59:44] 扫描 449 个新币...
[2026-04-28 22:00:22] 扫描 448 个新币...
[2026-04-28 22:00:22] [动量信号1] ? (SCAM) on eth — 连涨3轮 +25.3%
[2026-04-28 22:00:59] 扫描 447 个新币...
[2026-04-28 22:01:37] 扫描 447 个新币...
[2026-04-28 22:02:15] 扫描 447 个新币...
[2026-04-28 22:02:53] 扫描 448 个新币...
[2026-04-28 22:02:55] 第320轮: 无新信号 (累计推送0)
[2026-04-28 22:03:30] 扫描 448 个新币...
[2026-04-28 22:04:08] 扫描 448 个新币...
[2026-04-28 22:04:45] 扫描 449 个新币...
[2026-04-28 22:05:23] 扫描 446 个新币...
[2026-04-28 22:06:01] 扫描 446 个新币...
[2026-04-28 22:06:01] [动量信号1] ? (FFOGon) on base — 连涨3轮 +6.9%
[2026-04-28 22:06:39] 扫描 445 个新币...
[2026-04-28 22:06:39] [动量信号1] ? (SCAMMAN) on eth — 连涨3轮 +8.2%
[2026-04-28 22:06:39] [动量信号2] ? (FFOGon) on base — 连涨3轮 +8.6%
[2026-04-28 22:07:16] 扫描 450 个新币...
[2026-04-28 22:07:17] [动量信号2] ? (SCAMMAN) on eth — 连涨3轮 +9.3%
[2026-04-28 22:07:17] [动量信号3] ? (FFOGon) on base — 连涨3轮 +10.8%
[2026-04-28 22:07:56] 扫描 447 个新币...
[2026-04-28 22:08:33] 扫描 446 个新币...
[2026-04-28 22:08:34] [动量信号4] ? (FFOGon) on base — 连涨3轮 +12.5%
[2026-04-28 22:09:12] 扫描 446 个新币...
[2026-04-28 22:09:12] [动量信号5] ? (FFOGon) on base — 连涨3轮 +13.1%
[2026-04-28 22:09:49] 扫描 444 个新币...
[2026-04-28 22:09:50] [动量信号6] ? (FFOGon) on base — 连涨3轮 +11.7%
[2026-04-28 22:10:27] 扫描 448 个新币...
[2026-04-28 22:10:28] [动量信号1] ? (SPIKE) on eth — 连涨3轮 +32.5%
[2026-04-28 22:11:05] 扫描 446 个新币...
[2026-04-28 22:11:06] [动量信号1] ? (RISE) on eth — 连涨3轮 +77.5%
[2026-04-28 22:11:44] 扫描 441 个新币...
[2026-04-28 22:12:21] 扫描 446 个新币...
[2026-04-28 22:12:58] 扫描 444 个新币...
[2026-04-28 22:12:58] [动量信号2] ? (RISE) on eth — 连涨3轮 +49.5%
[2026-04-28 22:12:59] [动量信号1] ? (MANIFESTOR) on eth — 连涨3轮 +78.1%
[2026-04-28 22:14:38] 扫描 346 个新币...
[2026-04-28 22:14:39] [动量信号3] ? (RISE) on eth — 连涨3轮 +19.7%
[2026-04-28 22:14:39] [动量信号2] ? (MANIFESTOR) on eth — 连涨3轮 +90.2%
[2026-04-28 22:15:15] 扫描 447 个新币...
[2026-04-28 22:15:16] [动量信号4] ? (RISE) on eth — 连涨3轮 +17.7%
[2026-04-28 22:15:16] [动量信号3] ? (MANIFESTOR) on eth — 连涨3轮 +85.5%
[2026-04-28 22:15:54] 扫描 450 个新币...
[2026-04-28 22:15:54] [动量信号4] ? (MANIFESTOR) on eth — 连涨3轮 +105.1%
[2026-04-28 22:16:32] 扫描 447 个新币...
[2026-04-28 22:16:34] 第340轮: 无新信号 (累计推送0)
[2026-04-28 22:17:09] 扫描 449 个新币...
[2026-04-28 22:17:47] 扫描 448 个新币...
[2026-04-28 22:17:47] [动量信号1] ? (RISE) on eth — 连涨3轮 +33.8%
[2026-04-28 22:18:24] 扫描 445 个新币...
[2026-04-28 22:19:02] 扫描 445 个新币...
[2026-04-28 22:19:39] 扫描 447 个新币...
[2026-04-28 22:19:40] [动量信号1] ? (RISE) on eth — 连涨3轮 +48.4%
[2026-04-28 22:20:17] 扫描 448 个新币...
[2026-04-28 22:20:54] 扫描 445 个新币...
[2026-04-28 22:21:32] 扫描 449 个新币...
[2026-04-28 22:22:09] 扫描 448 个新币...
[2026-04-28 22:22:46] 扫描 447 个新币...
[2026-04-28 22:23:24] 扫描 449 个新币...
[2026-04-28 22:23:24] [动量信号5] ? (RISE) on eth — 连涨3轮 +35.3%
[2026-04-28 22:23:24] [动量信号2] ? (RISE) on eth — 连涨3轮 +65.2%
[2026-04-28 22:23:25] [动量信号1] ? (CHIP) on base — 连涨3轮 +7.5%
[2026-04-28 22:24:02] 扫描 449 个新币...
[2026-04-28 22:24:40] 扫描 448 个新币...
[2026-04-28 22:24:40] [动量信号2] ? (CHIP) on base — 连涨3轮 +8.3%
[2026-04-28 22:25:17] 扫描 445 个新币...
[2026-04-28 22:25:54] 扫描 444 个新币...
[2026-04-28 22:25:55] [动量信号2] ? (RISE) on eth — 连涨3轮 +39.7%
[2026-04-28 22:26:32] 扫描 449 个新币...
[2026-04-28 22:26:32] [动量信号1] ? (MIDI) on eth — 连涨3轮 +12.2%
[2026-04-28 22:26:32] [动量信号3] ? (CHIP) on base — 连涨3轮 +12.4%
[2026-04-28 22:27:10] 扫描 450 个新币...
[2026-04-28 22:27:47] 扫描 449 个新币...
[2026-04-28 22:27:48] [动量信号2] ? (MIDI) on eth — 连涨3轮 +20.2%
[2026-04-28 22:28:25] 扫描 451 个新币...
[2026-04-28 22:28:25] [动量信号1] ? ($BEINGS) on eth — 连涨3轮 +10.8%
[2026-04-28 22:29:02] 扫描 452 个新币...
[2026-04-28 22:29:03] [动量信号4] ? (CHIP) on base — 连涨3轮 +11.3%
[2026-04-28 22:29:05] 第360轮: 无新信号 (累计推送0)
[2026-04-28 22:29:40] 扫描 452 个新币...
[2026-04-28 22:29:40] [动量信号2] ? ($BEINGS) on eth — 连涨3轮 +5.6%
[2026-04-28 22:30:17] 扫描 452 个新币...
[2026-04-28 22:30:54] 扫描 453 个新币...
[2026-04-28 22:31:31] 扫描 451 个新币...
[2026-04-28 22:31:32] [动量信号1] ? (DEMON) on eth — 连涨3轮 +7.3%
[2026-04-28 22:31:32] [动量信号1] ? (PCT) on base — 连涨3轮 +7.9%
[2026-04-28 22:32:10] 扫描 452 个新币...
[2026-04-28 22:32:11] [动量信号2] ? (DEMON) on eth — 连涨3轮 +45.1%
[2026-04-28 22:32:48] 扫描 452 个新币...
[2026-04-28 22:32:48] [动量信号3] ? (DEMON) on eth — 连涨3轮 +46.2%
[2026-04-28 22:33:27] 扫描 449 个新币...
[2026-04-28 22:34:04] 扫描 450 个新币...
[2026-04-28 22:34:05] [动量信号3] ? ($BEINGS) on eth — 连涨3轮 +5.2%
[2026-04-28 22:34:43] 扫描 451 个新币...
[2026-04-28 22:34:43] [动量信号4] ? (DEMON) on eth — 连涨3轮 +14.6%
[2026-04-28 22:34:43] [动量信号2] ? (PCT) on base — 连涨3轮 +5.6%
[2026-04-28 22:35:20] 扫描 450 个新币...
[2026-04-28 22:35:21] [动量信号3] ? (UNICURVE) on eth — 连涨3轮 +5.9%
[2026-04-28 22:35:21] [动量信号5] ? (DEMON) on eth — 连涨3轮 +50.7%
[2026-04-28 22:35:58] 扫描 453 个新币...
[2026-04-28 22:35:59] [动量信号6] ? (DEMON) on eth — 连涨3轮 +43.6%
[2026-04-28 22:36:36] 扫描 453 个新币...
[2026-04-28 22:37:14] 扫描 453 个新币...
[2026-04-28 22:37:52] 扫描 451 个新币...
[2026-04-28 22:37:52] [动量信号1] ? (CAUSTIC) on eth — 连涨3轮 +13.6%
[2026-04-28 22:38:29] 扫描 451 个新币...
[2026-04-28 22:39:07] 扫描 453 个新币...
[2026-04-28 22:39:44] 扫描 453 个新币...
[2026-04-28 22:39:45] [动量信号2] ? (CAUSTIC) on eth — 连涨3轮 +12.6%
[2026-04-28 22:40:22] 扫描 452 个新币...
[2026-04-28 22:40:59] 扫描 448 个新币...
[2026-04-28 22:41:00] [动量信号7] ? (DEMON) on eth — 连涨3轮 +55.3%
[2026-04-28 22:41:37] 扫描 445 个新币...
[2026-04-28 22:41:39] 第380轮: 无新信号 (累计推送0)
[2026-04-28 22:42:14] 扫描 450 个新币...
[2026-04-28 22:42:15] [动量信号5] ? (MANIFESTOR) on eth — 连涨3轮 +7.2%
[2026-04-28 22:42:15] [动量信号1] ? (DERP) on eth — 连涨3轮 +8.1%
[2026-04-28 22:42:52] 扫描 448 个新币...
[2026-04-28 22:42:52] [动量信号2] ? (DERP) on eth — 连涨3轮 +6.6%
[2026-04-28 22:43:30] 扫描 449 个新币...
[2026-04-28 22:44:07] 扫描 450 个新币...
[2026-04-28 22:44:45] 扫描 447 个新币...
[2026-04-28 22:45:22] 扫描 451 个新币...
[2026-04-28 22:46:00] 扫描 449 个新币...
[2026-04-28 22:46:37] 扫描 451 个新币...
[2026-04-28 22:47:14] 扫描 454 个新币...
[2026-04-28 22:47:14] [动量信号8] ? (DEMON) on eth — 连涨3轮 +35.0%
[2026-04-28 22:47:51] 扫描 456 个新币...
[2026-04-28 22:47:52] [动量信号9] ? (DEMON) on eth — 连涨3轮 +16.8%
[2026-04-28 22:48:29] 扫描 457 个新币...
[2026-04-28 22:48:29] [动量信号1] ? (INCOME) on eth — 连涨3轮 +390.2%
[2026-04-28 22:49:06] 扫描 455 个新币...
[2026-04-28 22:49:07] [动量信号2] ? (INCOME) on eth — 连涨3轮 +75.0%
[2026-04-28 22:49:07] [动量信号3] ? (RISE) on eth — 连涨3轮 +26.6%
[2026-04-28 22:49:44] 扫描 454 个新币...
[2026-04-28 22:49:45] [动量信号3] ? (INCOME) on eth — 连涨3轮 +25.3%
[2026-04-28 22:50:22] 扫描 455 个新币...
[2026-04-28 22:50:23] [动量信号4] ? (INCOME) on eth — 连涨3轮 +20.1%
[2026-04-28 22:50:23] [动量信号4] ? (RISE) on eth — 连涨3轮 +27.0%
[2026-04-28 22:51:00] 扫描 454 个新币...
[2026-04-28 22:51:01] [动量信号1] ? (MSVP) on base — 连涨3轮 +15.3%
[2026-04-28 22:51:37] 扫描 456 个新币...
[2026-04-28 22:52:15] 扫描 455 个新币...
[2026-04-28 22:52:52] 扫描 455 个新币...
[2026-04-28 22:52:52] [动量信号1] ? (✴️LE) on eth — 连涨3轮 +24.6%
[2026-04-28 22:52:53] [动量信号2] ? (MSVP) on base — 连涨3轮 +8.0%
[2026-04-28 22:53:30] 扫描 450 个新币...
[2026-04-28 22:53:30] [动量信号2] ? (✴️LE) on eth — 连涨3轮 +14.8%
[2026-04-28 22:53:30] [动量信号3] ? (MSVP) on base — 连涨3轮 +6.7%
[2026-04-28 22:54:07] 扫描 455 个新币...
[2026-04-28 22:54:07] [动量信号1] ? (CHRONOEFFE) on base — 连涨3轮 +6.9%
[2026-04-28 22:54:09] 第400轮: 无新信号 (累计推送0)
[2026-04-28 22:54:45] 扫描 453 个新币...
[2026-04-28 22:54:45] [动量信号1] ? (BITTY) on eth — 连涨3轮 +14.8%
[2026-04-28 22:55:22] 扫描 453 个新币...
[2026-04-28 22:55:22] [动量信号3] ? (✴️LE) on eth — 连涨3轮 +52.4%
[2026-04-28 22:55:22] [动量信号2] ? (BITTY) on eth — 连涨3轮 +43.3%
[2026-04-28 22:56:00] 扫描 452 个新币...
[2026-04-28 22:56:00] [动量信号3] ? (BITTY) on eth — 连涨3轮 +37.9%
[2026-04-28 22:56:37] 扫描 452 个新币...
[2026-04-28 22:56:37] [动量信号5] ? (INCOME) on eth — 连涨3轮 +30.2%
[2026-04-28 22:57:15] 扫描 455 个新币...
[2026-04-28 22:57:15] [动量信号6] ? (INCOME) on eth — 连涨3轮 +22.3%
[2026-04-28 22:57:53] 扫描 453 个新币...
[2026-04-28 22:57:54] [动量信号7] ? (INCOME) on eth — 连涨3轮 +9.0%
[2026-04-28 22:58:31] 扫描 453 个新币...
[2026-04-28 22:59:09] 扫描 452 个新币...
[2026-04-28 22:59:09] [动量信号2] ? (CHRONOEFFE) on base — 连涨3轮 +13.0%
[2026-04-28 22:59:46] 扫描 449 个新币...
[2026-04-28 22:59:47] [动量信号1] ? (MYSTERY) on eth — 连涨3轮 +8.0%
[2026-04-28 22:59:47] [动量信号3] ? (CHRONOEFFE) on base — 连涨3轮 +13.0%
[2026-04-28 23:00:24] 扫描 450 个新币...
[2026-04-28 23:00:24] [动量信号4] ? (CHRONOEFFE) on base — 连涨3轮 +10.1%
[2026-04-28 23:01:01] 扫描 450 个新币...
[2026-04-28 23:01:02] [动量信号1] ? (BEE) on eth — 连涨3轮 +12.6%
[2026-04-28 23:01:39] 扫描 449 个新币...
[2026-04-28 23:01:40] [动量信号5] ? (CHRONOEFFE) on base — 连涨3轮 +8.2%
[2026-04-28 23:02:17] 扫描 452 个新币...
[2026-04-28 23:02:54] 扫描 453 个新币...
[2026-04-28 23:03:32] 扫描 450 个新币...
[2026-04-28 23:04:08] 扫描 450 个新币...
[2026-04-28 23:04:46] 扫描 447 个新币...
[2026-04-28 23:05:23] 扫描 447 个新币...
[2026-04-28 23:06:01] 扫描 448 个新币...
[2026-04-28 23:06:01] [动量信号1] ? (APHEX) on eth — 连涨3轮 +48.7%
[2026-04-28 23:06:38] 扫描 452 个新币...
[2026-04-28 23:06:40] 第420轮: 无新信号 (累计推送0)
[2026-04-28 23:07:15] 扫描 451 个新币...
[2026-04-28 23:07:53] 扫描 451 个新币...
[2026-04-28 23:07:53] [动量信号1] ? (TICKER) on eth — 连涨3轮 +36.1%
[2026-04-28 23:08:30] 扫描 452 个新币...
[2026-04-28 23:09:08] 扫描 452 个新币...
[2026-04-28 23:09:46] 扫描 450 个新币...
[2026-04-28 23:10:24] 扫描 451 个新币...
[2026-04-28 23:10:24] [动量信号2] ? (TICKER) on eth — 连涨3轮 +32.9%
[2026-04-28 23:11:01] 扫描 453 个新币...
[2026-04-28 23:11:02] [动量信号3] ? (TICKER) on eth — 连涨3轮 +31.5%
[2026-04-28 23:11:02] [动量信号1] ? (FFOGon) on base — 连涨3轮 +6.8%
[2026-04-28 23:11:40] 扫描 451 个新币...
[2026-04-28 23:11:40] [动量信号4] ? (TICKER) on eth — 连涨3轮 +20.3%
[2026-04-28 23:12:17] 扫描 451 个新币...
[2026-04-28 23:12:18] [动量信号5] ? (TICKER) on eth — 连涨3轮 +23.8%
[2026-04-28 23:12:55] 扫描 451 个新币...
[2026-04-28 23:12:55] [动量信号6] ? (TICKER) on eth — 连涨3轮 +20.2%
[2026-04-28 23:13:32] 扫描 454 个新币...
[2026-04-28 23:13:32] [动量信号7] ? (TICKER) on eth — 连涨3轮 +9.0%
[2026-04-28 23:14:09] 扫描 455 个新币...
[2026-04-28 23:14:10] [动量信号8] ? (TICKER) on eth — 连涨3轮 +10.0%
[2026-04-28 23:14:47] 扫描 454 个新币...
[2026-04-28 23:14:47] [动量信号9] ? (TICKER) on eth — 连涨3轮 +12.5%
[2026-04-28 23:15:25] 扫描 456 个新币...
[2026-04-28 23:15:25] [动量信号2] ? (FFOGon) on base — 连涨3轮 +5.1%
[2026-04-28 23:16:02] 扫描 454 个新币...
[2026-04-28 23:16:40] 扫描 456 个新币...
[2026-04-28 23:17:17] 扫描 455 个新币...
[2026-04-28 23:17:54] 扫描 452 个新币...
[2026-04-28 23:17:55] [动量信号1] ? (ARMA) on eth — 连涨3轮 +18.3%
[2026-04-28 23:17:55] [动量信号1] ? (SCAMMAN) on eth — 连涨3轮 +8.3%
[2026-04-28 23:18:32] 扫描 453 个新币...
[2026-04-28 23:18:33] [动量信号10] ? (TICKER) on eth — 连涨3轮 +21.0%
[2026-04-28 23:19:10] 扫描 452 个新币...
[2026-04-28 23:19:10] [动量信号11] ? (TICKER) on eth — 连涨3轮 +21.5%
[2026-04-28 23:19:11] [动量信号1] ? (JST) on eth — 连涨3轮 +59.8%
[2026-04-28 23:19:13] 第440轮: 无新信号 (累计推送0)
[2026-04-28 23:19:48] 扫描 452 个新币...
[2026-04-28 23:19:48] [动量信号8] ? (INCOME) on eth — 连涨3轮 +25.2%
[2026-04-28 23:20:25] 扫描 451 个新币...
[2026-04-28 23:21:03] 扫描 452 个新币...
[2026-04-28 23:21:04] [动量信号12] ? (TICKER) on eth — 连涨3轮 +8.3%
[2026-04-28 23:21:41] 扫描 452 个新币...
[2026-04-28 23:21:41] [动量信号13] ? (TICKER) on eth — 连涨3轮 +7.5%
[2026-04-28 23:21:41] [动量信号9] ? (INCOME) on eth — 连涨3轮 +7.0%
[2026-04-28 23:22:18] 扫描 448 个新币...
[2026-04-28 23:22:19] [动量信号14] ? (TICKER) on eth — 连涨3轮 +8.3%
[2026-04-28 23:22:19] [动量信号10] ? (INCOME) on eth — 连涨3轮 +14.1%
[2026-04-28 23:22:55] 扫描 449 个新币...
[2026-04-28 23:22:56] [动量信号15] ? (TICKER) on eth — 连涨3轮 +11.4%
[2026-04-28 23:22:56] [动量信号1] ? (RUJI) on base — 连涨3轮 +10.8%
[2026-04-28 23:23:33] 扫描 445 个新币...
[2026-04-28 23:23:34] [动量信号16] ? (TICKER) on eth — 连涨3轮 +17.2%
[2026-04-28 23:23:34] [动量信号2] ? (RUJI) on base — 连涨3轮 +13.1%
[2026-04-28 23:24:11] 扫描 446 个新币...
[2026-04-28 23:24:11] [动量信号17] ? (TICKER) on eth — 连涨3轮 +18.4%
[2026-04-28 23:24:49] 扫描 447 个新币...
[2026-04-28 23:24:49] [动量信号3] ? (RUJI) on base — 连涨3轮 +14.4%
[2026-04-28 23:25:26] 扫描 449 个新币...
[2026-04-28 23:25:27] [动量信号4] ? (RUJI) on base — 连涨3轮 +12.6%
[2026-04-28 23:26:04] 扫描 447 个新币...
[2026-04-28 23:26:04] [动量信号5] ? (RUJI) on base — 连涨3轮 +7.2%
[2026-04-28 23:26:41] 扫描 443 个新币...
[2026-04-28 23:27:19] 扫描 448 个新币...
[2026-04-28 23:27:19] [动量信号18] ? (TICKER) on eth — 连涨3轮 +7.4%
[2026-04-28 23:27:58] 扫描 446 个新币...
[2026-04-28 23:27:58] [动量信号19] ? (TICKER) on eth — 连涨3轮 +17.6%
[2026-04-28 23:28:35] 扫描 444 个新币...
[2026-04-28 23:28:36] [动量信号1] ? ($DORKLORD) on eth — 连涨3轮 +9.0%
[2026-04-28 23:29:13] 扫描 447 个新币...
[2026-04-28 23:29:51] 扫描 445 个新币...
[2026-04-28 23:29:51] [动量信号1] ? (ARMA) on eth — 连涨3轮 +5.1%
[2026-04-28 23:29:51] [动量信号2] ? ($DORKLORD) on eth — 连涨3轮 +12.2%
[2026-04-28 23:30:30] 扫描 441 个新币...
[2026-04-28 23:30:30] [动量信号3] ? ($DORKLORD) on eth — 连涨3轮 +24.2%
[2026-04-28 23:31:07] 扫描 442 个新币...
[2026-04-28 23:31:45] 扫描 440 个新币...
[2026-04-28 23:31:47] 第460轮: 无新信号 (累计推送0)
[2026-04-28 23:32:22] 扫描 446 个新币...
[2026-04-28 23:33:02] 扫描 445 个新币...
[2026-04-28 23:33:40] 扫描 444 个新币...
[2026-04-28 23:33:40] [动量信号4] ? ($DORKLORD) on eth — 连涨3轮 +20.2%
[2026-04-28 23:34:18] 扫描 443 个新币...
[2026-04-28 23:34:19] [动量信号5] ? ($DORKLORD) on eth — 连涨3轮 +44.6%
[2026-04-28 23:34:19] [动量信号1] ? (FFOGon) on base — 连涨3轮 +10.5%
[2026-04-28 23:34:56] 扫描 443 个新币...
[2026-04-28 23:34:56] [动量信号6] ? ($DORKLORD) on eth — 连涨3轮 +46.5%
[2026-04-28 23:34:57] [动量信号2] ? (FFOGon) on base — 连涨3轮 +11.3%
[2026-04-28 23:35:34] 扫描 447 个新币...
[2026-04-28 23:35:35] [动量信号7] ? ($DORKLORD) on eth — 连涨3轮 +11.1%
[2026-04-28 23:36:13] 扫描 444 个新币...
[2026-04-28 23:36:50] 扫描 444 个新币...
[2026-04-28 23:37:29] 扫描 444 个新币...
[2026-04-28 23:38:07] 扫描 444 个新币...
[2026-04-28 23:38:45] 扫描 445 个新币...
[2026-04-28 23:38:45] [动量信号2] ? (JST) on eth — 连涨3轮 +155.1%
[2026-04-28 23:39:22] 扫描 443 个新币...
[2026-04-28 23:39:22] [动量信号1] ? (MOJO) on eth — 连涨3轮 +6.0%
[2026-04-28 23:40:00] 扫描 443 个新币...
[2026-04-28 23:40:37] 扫描 441 个新币...
[2026-04-28 23:41:14] 扫描 442 个新币...
[2026-04-28 23:41:15] [动量信号3] ? (JST) on eth — 连涨3轮 +186.1%
[2026-04-28 23:41:15] [动量信号1] ? (EDGE) on base — 连涨3轮 +8.1%
[2026-04-28 23:41:52] 扫描 440 个新币...
[2026-04-28 23:42:30] 扫描 446 个新币...
[2026-04-28 23:42:30] [动量信号1] ? (MIDI) on eth — 连涨3轮 +8.6%
[2026-04-28 23:43:08] 扫描 447 个新币...
[2026-04-28 23:43:45] 扫描 445 个新币...
[2026-04-28 23:44:23] 扫描 443 个新币...
[2026-04-28 23:44:23] [动量信号1] ? (MANIFESTOR) on eth — 连涨3轮 +11.5%
[2026-04-28 23:44:25] 第480轮: 无新信号 (累计推送0)
[2026-04-28 23:45:00] 扫描 446 个新币...
[2026-04-28 23:45:38] 扫描 444 个新币...
[2026-04-28 23:46:15] 扫描 448 个新币...
[2026-04-28 23:46:52] 扫描 446 个新币...
[2026-04-28 23:47:30] 扫描 448 个新币...
[2026-04-28 23:48:07] 扫描 446 个新币...
[2026-04-28 23:48:44] 扫描 449 个新币...
[2026-04-28 23:49:21] 扫描 450 个新币...
[2026-04-28 23:49:21] [动量信号1] ? (Ghostbeers) on eth — 连涨3轮 +61.5%
[2026-04-28 23:49:58] 扫描 448 个新币...
[2026-04-28 23:49:59] [动量信号2] ? (Ghostbeers) on eth — 连涨3轮 +76.3%
[2026-04-28 23:50:36] 扫描 447 个新币...
[2026-04-28 23:50:36] [动量信号3] ? (Ghostbeers) on eth — 连涨3轮 +55.9%
[2026-04-28 23:51:13] 扫描 448 个新币...
[2026-04-28 23:51:13] [动量信号4] ? (Ghostbeers) on eth — 连涨3轮 +17.2%
[2026-04-28 23:51:50] 扫描 447 个新币...
[2026-04-28 23:52:28] 扫描 446 个新币...
[2026-04-28 23:52:29] [动量信号1] ? (GOBLIN) on eth — 连涨3轮 +14.5%
[2026-04-28 23:53:06] 扫描 446 个新币...
[2026-04-28 23:53:06] [动量信号5] ? (Ghostbeers) on eth — 连涨3轮 +10.2%
[2026-04-28 23:53:43] 扫描 448 个新币...
[2026-04-28 23:53:43] [动量信号6] ? (Ghostbeers) on eth — 连涨3轮 +33.1%
[2026-04-28 23:53:44] [动量信号1] ? (lol) on eth — 连涨3轮 +14.4%
[2026-04-28 23:54:21] 扫描 448 个新币...
[2026-04-28 23:54:21] [动量信号2] ? (MANIFESTOR) on eth — 连涨3轮 +18.0%
[2026-04-28 23:54:58] 扫描 445 个新币...
[2026-04-28 23:54:59] [动量信号2] ? (lol) on eth — 连涨3轮 +7.8%
[2026-04-28 23:55:36] 扫描 446 个新币...
[2026-04-28 23:56:13] 扫描 444 个新币...
[2026-04-28 23:56:13] [动量信号1] ? (DEMON) on eth — 连涨3轮 +7.0%
[2026-04-28 23:56:14] [动量信号3] ? (lol) on eth — 连涨3轮 +11.9%
[2026-04-28 23:56:50] 扫描 444 个新币...
[2026-04-28 23:56:51] [动量信号2] ? (DEMON) on eth — 连涨3轮 +9.1%
[2026-04-28 23:56:51] [动量信号4] ? (lol) on eth — 连涨3轮 +17.7%
[2026-04-28 23:56:53] 第500轮: 无新信号 (累计推送0)
[2026-04-28 23:57:28] 扫描 444 个新币...
[2026-04-28 23:57:28] [动量信号5] ? (lol) on eth — 连涨3轮 +8.8%
[2026-04-28 23:58:05] 扫描 441 个新币...
[2026-04-28 23:58:42] 扫描 445 个新币...
[2026-04-28 23:59:20] 扫描 444 个新币...
[2026-04-28 23:59:57] 扫描 446 个新币...
[2026-04-28 23:59:57] [动量信号3] ? (MANIFESTOR) on eth — 连涨3轮 +13.6%
[2026-04-29 00:00:34] 扫描 443 个新币...
[2026-04-29 00:01:12] 扫描 445 个新币...
[2026-04-29 00:01:49] 扫描 446 个新币...
[2026-04-29 00:02:26] 扫描 448 个新币...
[2026-04-29 00:02:27] [动量信号1] ? (GENIUS) on base — 连涨3轮 +7.1%
[2026-04-29 00:03:04] 扫描 445 个新币...
[2026-04-29 00:03:41] 扫描 448 个新币...
[2026-04-29 00:04:18] 扫描 449 个新币...
[2026-04-29 00:04:18] [动量信号7] ? (Ghostbeers) on eth — 连涨3轮 +16.3%
[2026-04-29 00:04:19] [动量信号2] ? (GENIUS) on base — 连涨3轮 +9.8%
[2026-04-29 00:04:56] 扫描 454 个新币...
[2026-04-29 00:05:33] 扫描 444 个新币...
[2026-04-29 00:05:33] [动量信号3] ? (GENIUS) on base — 连涨3轮 +7.2%
[2026-04-29 00:06:11] 扫描 447 个新币...
[2026-04-29 00:06:11] [动量信号8] ? (Ghostbeers) on eth — 连涨3轮 +22.5%
[2026-04-29 00:06:11] [动量信号1] ? (FFOGon) on base — 连涨3轮 +10.2%
[2026-04-29 00:06:11] [动量信号4] ? (GENIUS) on base — 连涨3轮 +5.2%
[2026-04-29 00:06:48] 扫描 451 个新币...
[2026-04-29 00:06:49] [动量信号2] ? (ARMA) on eth — 连涨3轮 +8.6%
[2026-04-29 00:06:49] [动量信号3] ? (DEMON) on eth — 连涨3轮 +7.6%
[2026-04-29 00:06:49] [动量信号2] ? (FFOGon) on base — 连涨3轮 +7.5%
[2026-04-29 00:07:26] 扫描 452 个新币...
[2026-04-29 00:07:26] [动量信号1] ? (ERC) on eth — 连涨3轮 +21.6%
[2026-04-29 00:07:26] [动量信号5] ? (GENIUS) on base — 连涨3轮 +8.1%
[2026-04-29 00:08:03] 扫描 451 个新币...
[2026-04-29 00:08:04] [动量信号2] ? (ERC) on eth — 连涨3轮 +36.2%
[2026-04-29 00:08:41] 扫描 444 个新币...
[2026-04-29 00:08:42] [动量信号9] ? (Ghostbeers) on eth — 连涨3轮 +19.8%
[2026-04-29 00:09:19] 扫描 449 个新币...
[2026-04-29 00:09:21] 第520轮: 无新信号 (累计推送0)
[2026-04-29 00:09:56] 扫描 449 个新币...
[2026-04-29 00:09:56] [动量信号3] ? (FFOGon) on base — 连涨3轮 +6.0%
[2026-04-29 00:10:33] 扫描 445 个新币...
[2026-04-29 00:11:10] 扫描 452 个新币...
[2026-04-29 00:11:48] 扫描 451 个新币...
[2026-04-29 00:12:25] 扫描 448 个新币...
[2026-04-29 00:13:02] 扫描 448 个新币...
[2026-04-29 00:13:39] 扫描 449 个新币...
[2026-04-29 00:14:16] 扫描 446 个新币...
[2026-04-29 00:14:17] [动量信号10] ? (Ghostbeers) on eth — 连涨3轮 +12.6%
[2026-04-29 00:14:54] 扫描 446 个新币...
[2026-04-29 00:14:54] [动量信号1] ? (SPERMINATOR) on eth — 连涨3轮 +12.9%
[2026-04-29 00:15:32] 扫描 445 个新币...
[2026-04-29 00:16:09] 扫描 447 个新币...
[2026-04-29 00:16:46] 扫描 445 个新币...
[2026-04-29 00:16:47] [动量信号20] ? (TICKER) on eth — 连涨3轮 +7.8%
[2026-04-29 00:17:24] 扫描 445 个新币...
[2026-04-29 00:17:24] [动量信号11] ? (Ghostbeers) on eth — 连涨3轮 +26.9%
[2026-04-29 00:17:24] [动量信号21] ? (TICKER) on eth — 连涨3轮 +11.4%
[2026-04-29 00:18:02] 扫描 445 个新币...
[2026-04-29 00:18:02] [动量信号22] ? (TICKER) on eth — 连涨3轮 +11.0%
[2026-04-29 00:18:39] 扫描 447 个新币...
[2026-04-29 00:18:39] [动量信号23] ? (TICKER) on eth — 连涨3轮 +17.0%
[2026-04-29 00:19:16] 扫描 447 个新币...
[2026-04-29 00:19:16] [动量信号24] ? (TICKER) on eth — 连涨3轮 +29.3%
[2026-04-29 00:19:54] 扫描 446 个新币...
[2026-04-29 00:20:31] 扫描 448 个新币...
[2026-04-29 00:21:09] 扫描 446 个新币...
[2026-04-29 00:21:46] 扫描 447 个新币...
[2026-04-29 00:21:48] 第540轮: 无新信号 (累计推送0)
[2026-04-29 00:22:23] 扫描 447 个新币...
[2026-04-29 00:23:00] 扫描 447 个新币...
[2026-04-29 00:23:37] 扫描 447 个新币...
[2026-04-29 00:23:49] ==================================================
[2026-04-29 00:23:49] 链上雷达 v1 启动
[2026-04-29 00:23:49] 扫描间隔: 30s
[2026-04-29 00:23:49] 推送逻辑: 动量优先 — 连涨才推，叙事只做分类标签
[2026-04-29 00:23:49] ==================================================
[2026-04-29 00:23:55] 扫描 448 个新币...
[2026-04-29 00:24:15] 扫描 445 个新币...
[2026-04-29 00:24:15] [动量信号25] ? (TICKER) on eth — 连涨3轮 +10.7%
[2026-04-29 00:24:32] 扫描 445 个新币...
[2026-04-29 00:24:52] 扫描 447 个新币...
[2026-04-29 00:25:09] 扫描 446 个新币...
[2026-04-29 00:25:29] 扫描 440 个新币...
[2026-04-29 00:25:47] 扫描 440 个新币...
[2026-04-29 00:26:06] 扫描 445 个新币...
[2026-04-29 00:26:24] 扫描 443 个新币...
[2026-04-29 00:26:43] 扫描 445 个新币...
[2026-04-29 00:27:01] 扫描 443 个新币...
[2026-04-29 00:27:20] 扫描 445 个新币...
[2026-04-29 00:27:58] 扫描 445 个新币...
[2026-04-29 00:28:35] 扫描 446 个新币...
[2026-04-29 00:28:46] ==================================================
[2026-04-29 00:28:46] 链上雷达 v1 启动
[2026-04-29 00:28:46] 扫描间隔: 30s
[2026-04-29 00:28:46] 推送逻辑: 动量优先 — 连涨才推，叙事只做分类标签
[2026-04-29 00:28:46] ==================================================
[2026-04-29 00:28:54] 扫描 501 个新币...
[2026-04-29 00:29:11] 扫描 444 个新币...
[2026-04-29 00:29:49] 扫描 440 个新币...
[2026-04-29 00:29:49] [动量信号1] ? (BGBTC) on base — 连涨3轮 +5.8%
[2026-04-29 00:30:27] 扫描 444 个新币...
[2026-04-29 00:31:04] 扫描 445 个新币...
[2026-04-29 00:31:41] 扫描 440 个新币...
[2026-04-29 00:32:09] ==================================================
[2026-04-29 00:32:09] 链上雷达 v1 启动
[2026-04-29 00:32:09] 扫描间隔: 10s
[2026-04-29 00:32:09] 推送逻辑: 动量优先 — 连涨才推，叙事只做分类标签
[2026-04-29 00:32:09] ==================================================
[2026-04-29 00:32:17] 扫描 503 个新币...
[2026-04-29 00:32:38] 扫描 504 个新币...
[2026-04-29 00:32:57] 扫描 502 个新币...
[2026-04-29 00:32:59] [动量信号1] 和平熊✨ (熊✨) on sol — 连涨2轮 +17.4%
[2026-04-29 00:33:00] [动量信号1] ewon mesk (ewon) on sol — 连涨2轮 +13.3%
[2026-04-29 00:33:01] [动量信号1] Anonymoos (Anonymoos) on sol — 连涨2轮 +7.7%
[2026-04-29 00:33:02] [动量信号1] sniffer (SNIFFER) on sol — 连涨2轮 +9.9%
[2026-04-29 00:33:11] 第3轮: 发现4个, 推送4个 (累计推送4)
[2026-04-29 00:33:28] 扫描 502 个新币...
[2026-04-29 00:33:29] [动量信号1] GOP (GOP) on sol — 连涨2轮 +5.3%
[2026-04-29 00:33:30] [动量信号2] 和平熊✨ (熊✨) on sol — 连涨2轮 +18.9%
[2026-04-29 00:33:31] [动量信号1] Sam Mogman (MOGMAN) on sol — 连涨2轮 +88.1%
[2026-04-29 00:33:33] [动量信号1] sniffer (SNIFFER) on sol — 连涨2轮 +7.8%
[2026-04-29 00:33:34] [动量信号2] ewon mesk (ewon) on sol — 连涨2轮 +36.7%
[2026-04-29 00:33:35] [动量信号2] Anonymoos (Anonymoos) on sol — 连涨2轮 +6.8%
[2026-04-29 00:33:37] [动量信号1] niggas (NIGGAS) on sol — 连涨2轮 +12.8%
[2026-04-29 00:33:37] [动量信号1] niggas (NIGGAS) on sol — 连涨2轮 +19.4%
[2026-04-29 00:33:38] [动量信号1] Goblin Mode (GOBLIN) on sol — 连涨2轮 +5.4%
[2026-04-29 00:33:40] [动量信号1] elen mesk (elen) on sol — 连涨2轮 +24.8%
[2026-04-29 00:33:40] [动量信号1] ? (OpenLie) on eth — 连涨2轮 +11.6%
[2026-04-29 00:33:56] 第4轮: 发现11个, 推送8个 (累计推送12)
[2026-04-29 00:34:12] 扫描 500 个新币...
[2026-04-29 00:34:13] [动量信号2] GOP (GOP) on sol — 连涨2轮 +9.7%
[2026-04-29 00:34:14] [动量信号2] sniffer (SNIFFER) on sol — 连涨2轮 +23.5%
[2026-04-29 00:34:15] [动量信号1] JD Deliver (JDD) on sol — 连涨2轮 +5.0%
[2026-04-29 00:34:16] [动量信号2] sniffer (SNIFFER) on sol — 连涨2轮 +5.2%
[2026-04-29 00:34:25] 第5轮: 发现4个, 推送4个 (累计推送16)
[2026-04-29 00:34:41] 扫描 506 个新币...
[2026-04-29 00:34:45] [动量信号3] sniffer (SNIFFER) on sol — 连涨2轮 +15.0%
[2026-04-29 00:34:46] [动量信号1] chadlon mesk (chadlon) on sol — 连涨2轮 +14.1%
[2026-04-29 00:34:47] [动量信号1] ewon mesk (ewon) on sol — 连涨2轮 +7.3%
[2026-04-29 00:34:48] [动量信号1] Scam Gabe (SCAMGABE) on sol — 连涨2轮 +15.1%
[2026-04-29 00:34:49] [动量信号1] Drill Pig (DRILLPIG) on sol — 连涨2轮 +6.9%
[2026-04-29 00:34:51] [动量信号3] sniffer (SNIFFER) on sol — 连涨2轮 +5.2%
[2026-04-29 00:34:51] [动量信号1] ? (TICKER) on eth — 连涨2轮 +6.0%
[2026-04-29 00:35:04] 第6轮: 发现7个, 推送6个 (累计推送22)
[2026-04-29 00:35:20] 扫描 509 个新币...
[2026-04-29 00:35:22] [动量信号1] SpaceX (SpaceX) on sol — 连涨2轮 +309.3%
[2026-04-29 00:35:25] [动量信号4] sniffer (SNIFFER) on sol — 连涨2轮 +37.6%
[2026-04-29 00:35:27] [动量信号3] ewon mesk (ewon) on sol — 连涨2轮 +93.6%
[2026-04-29 00:35:28] [动量信号2] chadlon mesk (chadlon) on sol — 连涨2轮 +74.2%
[2026-04-29 00:35:30] [动量信号1] ewon mesk (ewon) on sol — 连涨2轮 +44.3%
[2026-04-29 00:35:31] [动量信号2] Scam Gabe (SCAMGABE) on sol — 连涨2轮 +6.5%
[2026-04-29 00:35:32] [动量信号1] Anonymoos (Anonymoos) on sol — 连涨2轮 +9.1%
[2026-04-29 00:35:35] [动量信号1] スーパーゴートモード (GOATSE) on sol — 连涨2轮 +36.8%
[2026-04-29 00:35:38] [动量信号1] Retatrutide (RETA) on sol — 连涨2轮 +11.4%
[2026-04-29 00:35:45] [动量信号1] SHESHOWSPEED (SPEED) on sol — 连涨2轮 +7.0%
[2026-04-29 00:35:46] [动量信号2] Goblin Mode (GOBLIN) on sol — 连涨2轮 +5.5%
[2026-04-29 00:35:47] [动量信号1] GoblinGremRaccoonTrollOgrePigeon (CREATURES) on sol — 连涨2轮 +6.6%
[2026-04-29 00:35:49] [动量信号1] GoblinCoin (Goblin) on sol — 连涨2轮 +7.0%
[2026-04-29 00:35:49] [动量信号1] ? (BGBTC) on base — 连涨2轮 +9.0%
[2026-04-29 00:36:05] 第7轮: 发现14个, 推送8个 (累计推送30)
[2026-04-29 00:36:23] 扫描 503 个新币...
[2026-04-29 00:36:27] [动量信号1] Sam Mogman (MOGMAN) on sol — 连涨2轮 +84.5%
[2026-04-29 00:36:28] [动量信号1] Sam Mogman (MOGMAN) on sol — 连涨2轮 +35.7%
[2026-04-29 00:36:29] [动量信号2] SpaceX (SpaceX) on sol — 连涨2轮 +178.9%
[2026-04-29 00:36:30] [动量信号5] sniffer (SNIFFER) on sol — 连涨2轮 +58.5%
[2026-04-29 00:36:31] [动量信号4] ewon mesk (ewon) on sol — 连涨2轮 +6.9%
[2026-04-29 00:36:33] [动量信号1] send retarded he fucked up scam (ewon) on sol — 连涨2轮 +7.4%
[2026-04-29 00:36:38] [动量信号2] ewon mesk (ewon) on sol — 连涨2轮 +67.0%
[2026-04-29 00:36:40] [动量信号3] Anonymoos (Anonymoos) on sol — 连涨2轮 +118.0%
[2026-04-29 00:36:42] [动量信号2] スーパーゴートモード (GOATSE) on sol — 连涨2轮 +9.9%
[2026-04-29 00:36:42] [动量信号1] ? (Ghostbeers) on eth — 连涨2轮 +8.6%
[2026-04-29 00:36:42] [动量信号2] ? (TICKER) on eth — 连涨2轮 +10.3%
[2026-04-29 00:36:43] [动量信号1] ? (APHEX) on eth — 连涨2轮 +6.6%
[2026-04-29 00:36:59] 第8轮: 发现12个, 推送8个 (累计推送38)
[2026-04-29 00:37:16] 扫描 507 个新币...
[2026-04-29 00:37:17] [动量信号1] Sam Mogman (MOGMAN) on sol — 连涨2轮 +32.5%
[2026-04-29 00:37:20] [动量信号2] JD Deliver (JDD) on sol — 连涨2轮 +9.8%
[2026-04-29 00:37:21] [动量信号1] biohacking (biohacking) on sol — 连涨2轮 +6.2%
[2026-04-29 00:37:29] 第9轮: 发现3个, 推送3个 (累计推送41)
[2026-04-29 00:37:45] 扫描 509 个新币...
[2026-04-29 00:37:46] [动量信号1] Sam Mogman (MOGMAN) on sol — 连涨2轮 +22.4%
[2026-04-29 00:37:47] [动量信号2] Sam Mogman (MOGMAN) on sol — 连涨2轮 +13.3%
[2026-04-29 00:37:48] [动量信号3] JD Deliver (JDD) on sol — 连涨2轮 +8.0%
[2026-04-29 00:37:49] [动量信号3] スーパーゴートモード (GOATSE) on sol — 连涨2轮 +14.1%
[2026-04-29 00:37:52] [动量信号2] niggas (NIGGAS) on sol — 连涨2轮 +13.8%
[2026-04-29 00:37:53] [动量信号2] elen mesk (elen) on sol — 连涨2轮 +17.2%
[2026-04-29 00:37:54] [动量信号2] biohacking (biohacking) on sol — 连涨2轮 +5.7%
[2026-04-29 00:37:55] [动量信号1] elon musk (musk) on sol — 连涨2轮 +8.6%
[2026-04-29 00:38:12] 第10轮: 发现8个, 推送8个 (累计推送49)
[2026-04-29 00:38:29] 扫描 509 个新币...
[2026-04-29 00:38:31] [动量信号2] Sam Mogman (MOGMAN) on sol — 连涨2轮 +6.8%
[2026-04-29 00:38:33] [动量信号1] PEPSI  (PEPSI) on sol — 连涨2轮 +5.9%
[2026-04-29 00:38:34] [动量信号2] ewon mesk (ewon) on sol — 连涨2轮 +18.8%
[2026-04-29 00:38:35] [动量信号3] elen mesk (elen) on sol — 连涨2轮 +9.7%
[2026-04-29 00:38:44] 第11轮: 发现4个, 推送4个 (累计推送53)
[2026-04-29 00:39:02] 扫描 510 个新币...
[2026-04-29 00:39:03] [动量信号1] Sam Mogman (MOGMAN) on sol — 连涨2轮 +7.3%
[2026-04-29 00:39:04] [动量信号1] Courtroom Memes (Courtroom) on sol — 连涨2轮 +26.6%
[2026-04-29 00:39:05] [动量信号3] Sam Mogman (MOGMAN) on sol — 连涨2轮 +16.6%
[2026-04-29 00:39:06] [动量信号2] PEPSI  (PEPSI) on sol — 连涨2轮 +5.7%
[2026-04-29 00:39:23] ==================================================
[2026-04-29 00:39:23] 链上雷达 v1 启动
[2026-04-29 00:39:23] 扫描间隔: 10s
[2026-04-29 00:39:23] 推送逻辑: 动量优先 — 连涨才推，叙事只做分类标签
[2026-04-29 00:39:23] ==================================================
[2026-04-29 00:39:31] 扫描 509 个新币...
[2026-04-29 00:39:53] 扫描 508 个新币...
[2026-04-29 00:39:53] [动量信号1] ? (Ghostbeers) on eth — 连涨2轮 +15.1%
[2026-04-29 00:39:53] [动量信号1] ? (TICKER) on eth — 连涨2轮 +6.2%
[2026-04-29 00:40:12] 扫描 509 个新币...
[2026-04-29 00:40:14] [动量信号1] Sam Mogman (MOGMAN) on sol — 连涨2轮 +6.8%
[2026-04-29 00:40:15] [动量信号1] Sam Mogman (MOGMAN) on sol — 连涨2轮 +11.1%
[2026-04-29 00:40:17] [动量信号1] Sam Mogman (MOGMAN) on sol — 连涨2轮 +6.1%
[2026-04-29 00:40:19] [动量信号1] sniffer (SNIFFER) on sol — 连涨2轮 +5.6%
[2026-04-29 00:40:21] [动量信号1] ewon mesk (ewon) on sol — 连涨2轮 +42.2%
[2026-04-29 00:40:21] [动量信号1] 1000x (1000x) on sol — 连涨2轮 +7.3%
[2026-04-29 00:40:35] 第3轮: 发现6个, 推送6个 (累计推送6)
[2026-04-29 00:40:52] 扫描 510 个新币...
[2026-04-29 00:40:54] [动量信号1] Sam Mogman (MOGMAN) on sol — 连涨2轮 +10.2%
[2026-04-29 00:40:55] [动量信号2] Sam Mogman (MOGMAN) on sol — 连涨2轮 +19.3%
[2026-04-29 00:40:56] [动量信号1] Courtroom Memes (Courtroom) on sol — 连涨2轮 +12.0%
[2026-04-29 00:40:58] [动量信号2] ewon mesk (ewon) on sol — 连涨2轮 +62.0%
[2026-04-29 00:41:08] 第4轮: 发现4个, 推送4个 (累计推送10)
[2026-04-29 00:41:24] 扫描 509 个新币...
[2026-04-29 00:41:45] 扫描 511 个新币...
[2026-04-29 00:41:47] [动量信号4] Sam Mogman (MOGMAN) on sol — 连涨2轮 +21.8%
[2026-04-29 00:41:49] [动量信号3] Courtroom Memes (Courtroom) on sol — 连涨2轮 +7.5%
[2026-04-29 00:41:51] [动量信号1] ewon mesk (ewon) on sol — 连涨2轮 +37.5%
[2026-04-29 00:41:52] [动量信号1] Anonymoos (Anonymoos) on sol — 连涨2轮 +14.2%
[2026-04-29 00:41:53] [动量信号1] 18 Egido St., Starbase, TX 78521 (ELONHOUSE) on sol — 连涨2轮 +8.5%
[2026-04-29 00:41:53] [动量信号1] ? (DEMON) on eth — 连涨2轮 +7.9%
[2026-04-29 00:42:05] 第6轮: 发现6个, 推送5个 (累计推送15)
[2026-04-29 00:42:21] 扫描 511 个新币...
[2026-04-29 00:42:23] [动量信号1] Sam Mogman (MOGMAN) on sol — 连涨2轮 +50.9%
[2026-04-29 00:42:25] [动量信号1] The Biohekur  (Biohekur) on sol — 连涨2轮 +16.6%
[2026-04-29 00:42:26] [动量信号1] Sam Mogman (MOGMAN) on sol — 连涨2轮 +7.5%
[2026-04-29 00:42:27] [动量信号5] Sam Mogman (MOGMAN) on sol — 连涨2轮 +23.5%
[2026-04-29 00:42:29] [动量信号4] Courtroom Memes (Courtroom) on sol — 连涨2轮 +7.2%
[2026-04-29 00:42:40] 第7轮: 发现5个, 推送5个 (累计推送20)
[2026-04-29 00:42:57] 扫描 511 个新币...
[2026-04-29 00:42:59] [动量信号2] Sam Mogman (MOGMAN) on sol — 连涨2轮 +72.2%
[2026-04-29 00:43:01] [动量信号1] SpaceX (SpaceX) on sol — 连涨2轮 +8.8%
[2026-04-29 00:43:02] [动量信号1] Sam Mogman (MOGMAN) on sol — 连涨2轮 +11.6%
[2026-04-29 00:43:03] [动量信号1] スーパーゴートモード (GOATSE) on sol — 连涨2轮 +7.8%
[2026-04-29 00:43:04] [动量信号1] ? (BC) on eth — 连涨2轮 +10.7%
[2026-04-29 00:43:13] 第8轮: 发现5个, 推送4个 (累计推送24)
[2026-04-29 00:43:29] 扫描 511 个新币...
[2026-04-29 00:43:32] [动量信号3] Sam Mogman (MOGMAN) on sol — 连涨2轮 +29.1%
[2026-04-29 00:43:35] [动量信号5] Courtroom Memes (Courtroom) on sol — 连涨2轮 +17.8%
[2026-04-29 00:43:36] [动量信号3] Sam Mogman (MOGMAN) on sol — 连涨2轮 +39.7%
[2026-04-29 00:43:37] [动量信号1] True Elon (TRUELON) on sol — 连涨2轮 +11.0%
[2026-04-29 00:43:38] [动量信号1] GoblinGremRaccoonTrollOgrePigeon (CREATURES) on sol — 连涨2轮 +10.8%
[2026-04-29 00:43:50] 第9轮: 发现5个, 推送5个 (累计推送29)
[2026-04-29 00:44:06] 扫描 516 个新币...
[2026-04-29 00:44:14] [动量信号1] Sam Mogman (MOGMAN) on sol — 连涨2轮 +51.9%
[2026-04-29 00:44:16] [动量信号4] Sam Mogman (MOGMAN) on sol — 连涨2轮 +17.9%
[2026-04-29 00:44:18] [动量信号2] Sam Mogman (MOGMAN) on sol — 连涨2轮 +5.0%
[2026-04-29 00:44:20] [动量信号4] Sam Mogman (MOGMAN) on sol — 连涨2轮 +10.7%
[2026-04-29 00:44:20] [动量信号1] ewon mesk (ewon) on sol — 连涨2轮 +8.3%
[2026-04-29 00:44:22] [动量信号1] Anonymoos (Anonymoos) on sol — 连涨2轮 +6.4%
[2026-04-29 00:44:35] 第10轮: 发现6个, 推送6个 (累计推送35)
[2026-04-29 00:44:51] 扫描 510 个新币...
[2026-04-29 00:44:52] [动量信号1] Sam Mogman (MOGMAN) on sol — 连涨2轮 +15.1%
[2026-04-29 00:44:53] [动量信号1] Sam Mogman (MOGMAN) on sol — 连涨2轮 +35.6%
[2026-04-29 00:44:54] [动量信号5] Sam Mogman (MOGMAN) on sol — 连涨2轮 +5.0%
[2026-04-29 00:44:55] [动量信号2] ewon mesk (ewon) on sol — 连涨2轮 +23.1%
[2026-04-29 00:44:57] [动量信号1] SHESHOWSPEED (SPEED) on sol — 连涨2轮 +8.7%
[2026-04-29 00:45:08] 第11轮: 发现5个, 推送5个 (累计推送40)
[2026-04-29 00:45:25] 扫描 510 个新币...
[2026-04-29 00:45:31] [动量信号1] ewon mesk (ewon) on sol — 连涨2轮 +12.9%
[2026-04-29 00:45:37] [动量信号1] Sam Mogman (MOGMAN) on sol — 连涨2轮 +16.0%
[2026-04-29 00:45:43] [动量信号2] Sam Mogman (MOGMAN) on sol — 连涨2轮 +17.1%
[2026-04-29 00:45:44] [动量信号2] Sam Mogman (MOGMAN) on sol — 连涨2轮 +11.9%
[2026-04-29 00:45:45] [动量信号2] Sam Mogman (MOGMAN) on sol — 连涨2轮 +32.0%
[2026-04-29 00:45:45] [动量信号2] The Biohekur  (Biohekur) on sol — 连涨2轮 +10.2%
[2026-04-29 00:45:49] [动量信号1] irl (irl) on sol — 连涨2轮 +165.2%
[2026-04-29 00:46:03] 第12轮: 发现7个, 推送7个 (累计推送47)
[2026-04-29 00:46:20] 扫描 513 个新币...
[2026-04-29 00:46:21] [动量信号1] ewon mesk (ewon) on sol — 连涨2轮 +56.6%
[2026-04-29 00:46:22] [动量信号2] ewon mesk (ewon) on sol — 连涨2轮 +7.9%
[2026-04-29 00:46:23] [动量信号3] Sam Mogman (MOGMAN) on sol — 连涨2轮 +6.3%
[2026-04-29 00:46:29] [动量信号6] Sam Mogman (MOGMAN) on sol — 连涨2轮 +23.1%
[2026-04-29 00:46:30] [动量信号3] ewon mesk (ewon) on sol — 连涨2轮 +14.3%
[2026-04-29 00:46:32] [动量信号2] Anonymoos (Anonymoos) on sol — 连涨2轮 +10.9%
[2026-04-29 00:46:33] [动量信号1] sniffer (SNIFFER) on sol — 连涨2轮 +15.2%
[2026-04-29 00:46:34] [动量信号1] poof (POOF) on sol — 连涨2轮 +6.5%
[2026-04-29 00:46:34] [动量信号2] GoblinGremRaccoonTrollOgrePigeon (CREATURES) on sol — 连涨2轮 +13.8%
[2026-04-29 00:46:35] [动量信号1] ? (lol) on eth — 连涨2轮 +6.6%
[2026-04-29 00:46:51] 第13轮: 发现10个, 推送8个 (累计推送55)
[2026-04-29 00:47:08] 扫描 511 个新币...
[2026-04-29 00:47:09] [动量信号1] ewon mesk (ewon) on sol — 连涨2轮 +37.9%
[2026-04-29 00:47:10] [动量信号3] Sam Mogman (MOGMAN) on sol — 连涨2轮 +9.6%
[2026-04-29 00:47:12] [动量信号7] Sam Mogman (MOGMAN) on sol — 连涨2轮 +45.0%
[2026-04-29 00:47:15] [动量信号6] Courtroom Memes (Courtroom) on sol — 连涨2轮 +18.0%
[2026-04-29 00:47:16] [动量信号2] Sam Mogman (MOGMAN) on sol — 连涨2轮 +8.6%
[2026-04-29 00:47:17] [动量信号1] chadlon mesk (chadlon) on sol — 连涨2轮 +24.0%
[2026-04-29 00:47:18] [动量信号4] ewon mesk (ewon) on sol — 连涨2轮 +20.4%
[2026-04-29 00:47:19] [动量信号1] elen mesk (elen) on sol — 连涨2轮 +9.8%
[2026-04-29 00:47:20] [动量信号1] elon musk (musk) on sol — 连涨2轮 +5.9%
[2026-04-29 00:47:37] 第14轮: 发现9个, 推送8个 (累计推送63)
[2026-04-29 00:47:53] 扫描 506 个新币...
[2026-04-29 00:47:56] [动量信号1] Sam Mogman (MOGMAN) on sol — 连涨2轮 +22.4%
[2026-04-29 00:47:57] [动量信号2] ewon mesk (ewon) on sol — 连涨2轮 +5.1%
[2026-04-29 00:47:58] [动量信号3] Sam Mogman (MOGMAN) on sol — 连涨2轮 +8.8%
[2026-04-29 00:47:59] [动量信号1] Drill Pig (DRILLPIG) on sol — 连涨2轮 +8.6%
[2026-04-29 00:47:59] [动量信号1] Retatrutide (RETA) on sol — 连涨2轮 +17.1%
[2026-04-29 00:48:11] 第15轮: 发现5个, 推送5个 (累计推送68)
[2026-04-29 00:48:27] 扫描 508 个新币...
[2026-04-29 00:48:28] [动量信号3] ewon mesk (ewon) on sol — 连涨2轮 +18.1%
[2026-04-29 00:48:29] [动量信号3] ewon mesk (ewon) on sol — 连涨2轮 +7.8%
[2026-04-29 00:48:30] [动量信号4] Sam Mogman (MOGMAN) on sol — 连涨2轮 +48.9%
[2026-04-29 00:48:31] [动量信号3] Sam Mogman (MOGMAN) on sol — 连涨2轮 +10.9%
[2026-04-29 00:48:32] [动量信号2] sniffer (SNIFFER) on sol — 连涨2轮 +13.2%
[2026-04-29 00:48:33] [动量信号1] Goblin Mode (GOBLIN) on sol — 连涨2轮 +5.5%
[2026-04-29 00:48:45] 第16轮: 发现6个, 推送6个 (累计推送74)
[2026-04-29 00:49:01] 扫描 507 个新币...
[2026-04-29 00:49:03] [动量信号1] donut1000x (1000x) on sol — 连涨2轮 +5.4%
[2026-04-29 00:49:04] [动量信号4] ewon mesk (ewon) on sol — 连涨2轮 +6.1%
[2026-04-29 00:49:15] 第17轮: 发现2个, 推送2个 (累计推送76)
[2026-04-29 00:49:31] 扫描 508 个新币...
[2026-04-29 00:49:33] [动量信号1] ewon mesk (ewon) on sol — 连涨2轮 +15.9%
[2026-04-29 00:49:34] [动量信号1] Sam Mogman (MOGMAN) on sol — 连涨2轮 +22.5%
[2026-04-29 00:49:35] [动量信号6] Sam Mogman (MOGMAN) on sol — 连涨2轮 +17.5%
[2026-04-29 00:49:36] [动量信号5] ewon mesk (ewon) on sol — 连涨2轮 +16.9%
[2026-04-29 00:49:43] [动量信号1] Scam Gabe (SCAMGABE) on sol — 连涨2轮 +11.2%
[2026-04-29 00:49:44] [动量信号3] 1000x (1000x) on sol — 连涨2轮 +10.4%
[2026-04-29 00:49:45] [动量信号2] poof (POOF) on sol — 连涨2轮 +11.1%
[2026-04-29 00:49:46] [动量信号1] ? (Dr. Elephant) on eth — 连涨2轮 +11.0%
[2026-04-29 00:49:46] [动量信号1] ? (GOBLIN) on eth — 连涨2轮 +5.4%
[2026-04-29 00:50:01] 第18轮: 发现9个, 推送7个 (累计推送83)
[2026-04-29 00:50:17] 扫描 510 个新币...
[2026-04-29 00:50:29] [动量信号1] Sam Mogman (MOGMAN) on sol — 连涨2轮 +25.0%
[2026-04-29 00:50:31] [动量信号2] ewon mesk (ewon) on sol — 连涨2轮 +38.4%
[2026-04-29 00:50:32] [动量信号2] donut1000x (1000x) on sol — 连涨2轮 +7.7%
[2026-04-29 00:50:33] [动量信号5] Sam Mogman (MOGMAN) on sol — 连涨2轮 +36.9%
[2026-04-29 00:50:34] [动量信号7] Sam Mogman (MOGMAN) on sol — 连涨2轮 +58.9%
[2026-04-29 00:50:34] [动量信号2] chadlon mesk (chadlon) on sol — 连涨2轮 +29.6%
[2026-04-29 00:50:37] [动量信号1] JD Deliver (JDD) on sol — 连涨2轮 +9.5%
[2026-04-29 00:50:40] [动量信号6] ewon mesk (ewon) on sol — 连涨2轮 +11.0%
[2026-04-29 00:50:41] [动量信号2] elen mesk (elen) on sol — 连涨2轮 +166.6%
[2026-04-29 00:50:42] [动量信号1] Scam Altman (SCAM) on sol — 连涨2轮 +5.4%
[2026-04-29 00:51:02] 第19轮: 发现10个, 推送8个 (累计推送91)
[2026-04-29 00:51:19] 扫描 507 个新币...
[2026-04-29 00:51:20] [动量信号2] Sam Mogman (MOGMAN) on sol — 连涨2轮 +82.3%
[2026-04-29 00:51:23] [动量信号2] Sam Mogman (MOGMAN) on sol — 连涨2轮 +14.5%
[2026-04-29 00:51:29] [动量信号3] donut1000x (1000x) on sol — 连涨2轮 +7.2%
[2026-04-29 00:51:30] [动量信号4] ewon mesk (ewon) on sol — 连涨2轮 +7.2%
[2026-04-29 00:51:31] [动量信号3] chadlon mesk (chadlon) on sol — 连涨2轮 +40.6%
[2026-04-29 00:51:32] [动量信号2] JD Deliver (JDD) on sol — 连涨2轮 +9.6%
[2026-04-29 00:51:35] [动量信号1] GoblinCoin (Goblin) on sol — 连涨2轮 +30.8%
[2026-04-29 00:51:35] [动量信号1] ? (OpenLie) on eth — 连涨2轮 +5.4%
[2026-04-29 00:51:50] 第20轮: 发现8个, 推送7个 (累计推送98)
[2026-04-29 00:52:06] 扫描 506 个新币...
[2026-04-29 00:52:10] [动量信号1] Sam Mogman (MOGMAN) on sol — 连涨2轮 +5.0%
[2026-04-29 00:52:13] [动量信号1] ewon mesk (ewon) on sol — 连涨2轮 +19.7%
[2026-04-29 00:52:14] [动量信号1] Sam Mogman (MOGMAN) on sol — 连涨2轮 +59.4%
[2026-04-29 00:52:15] [动量信号3] Sam Mogman (MOGMAN) on sol — 连涨2轮 +11.4%
[2026-04-29 00:52:17] [动量信号5] Sam Mogman (MOGMAN) on sol — 连涨2轮 +88.6%
[2026-04-29 00:52:17] [动量信号2] ? (Dr. Elephant) on eth — 连涨2轮 +12.9%
[2026-04-29 00:52:17] [动量信号1] ? (HENRY) on eth — 连涨2轮 +6.4%
[2026-04-29 00:52:30] 第21轮: 发现7个, 推送5个 (累计推送103)
[2026-04-29 00:52:46] 扫描 510 个新币...
[2026-04-29 00:52:47] [动量信号2] ewon mesk (ewon) on sol — 连涨2轮 +17.0%
[2026-04-29 00:52:48] [动量信号2] Sam Mogman (MOGMAN) on sol — 连涨2轮 +37.1%
[2026-04-29 00:52:49] [动量信号3] Sam Mogman (MOGMAN) on sol — 连涨2轮 +25.7%
[2026-04-29 00:52:50] [动量信号1] ewon mesk (ewon) on sol — 连涨2轮 +18.3%
[2026-04-29 00:52:51] [动量信号5] ewon mesk (ewon) on sol — 连涨2轮 +14.9%
[2026-04-29 00:52:52] [动量信号2] Scam Gabe (SCAMGABE) on sol — 连涨2轮 +13.7%
[2026-04-29 00:52:53] [动量信号2] SHESHOWSPEED (SPEED) on sol — 连涨2轮 +48.8%
[2026-04-29 00:52:54] [动量信号3] GoblinGremRaccoonTrollOgrePigeon (CREATURES) on sol — 连涨2轮 +9.4%
[2026-04-29 00:52:54] [动量信号1] ? (ewon) on eth — 连涨2轮 +16.1%
[2026-04-29 00:52:54] [动量信号1] ? (RUJI) on base — 连涨2轮 +6.5%
[2026-04-29 00:53:12] 第22轮: 发现10个, 推送8个 (累计推送111)
[2026-04-29 00:53:28] 扫描 507 个新币...
[2026-04-29 00:53:29] [动量信号1] Justice For Luca Cella Walker🐶 (LUCA🐶) on sol — 连涨2轮 +33.9%
[2026-04-29 00:53:30] [动量信号3] ewon mesk (ewon) on sol — 连涨2轮 +5.2%
[2026-04-29 00:53:31] [动量信号3] Sam Mogman (MOGMAN) on sol — 连涨2轮 +18.9%
[2026-04-29 00:53:32] [动量信号6] ewon mesk (ewon) on sol — 连涨2轮 +6.3%
[2026-04-29 00:53:33] [动量信号4] Sam Mogman (MOGMAN) on sol — 连涨2轮 +19.0%
[2026-04-29 00:53:33] [动量信号2] ? (RUJI) on base — 连涨2轮 +7.0%
[2026-04-29 00:53:46] 第23轮: 发现6个, 推送5个 (累计推送116)
[2026-04-29 00:54:02] 扫描 506 个新币...
[2026-04-29 00:54:05] [动量信号1] ewon mesk (ewon) on sol — 连涨2轮 +9.8%
[2026-04-29 00:54:06] [动量信号4] ewon mesk (ewon) on sol — 连涨2轮 +20.9%
[2026-04-29 00:54:07] [动量信号4] Sam Mogman (MOGMAN) on sol — 连涨2轮 +7.3%
[2026-04-29 00:54:11] [动量信号7] ewon mesk (ewon) on sol — 连涨2轮 +6.3%
[2026-04-29 00:54:11] [动量信号1] pemp (PEMP) on sol — 连涨2轮 +22.4%
[2026-04-29 00:54:14] [动量信号2] Goblin Mode (GOBLIN) on sol — 连涨2轮 +14.6%
[2026-04-29 00:54:14] [动量信号2] GoblinCoin (Goblin) on sol — 连涨2轮 +23.1%
[2026-04-29 00:54:30] 第24轮: 发现7个, 推送7个 (累计推送123)
[2026-04-29 00:54:46] 扫描 503 个新币...
[2026-04-29 00:54:48] [动量信号1] scam team (scam) on sol — 连涨2轮 +13.7%
[2026-04-29 00:54:49] [动量信号2] Justice For Luca Cella Walker🐶 (LUCA🐶) on sol — 连涨2轮 +24.4%
[2026-04-29 00:54:50] [动量信号1] Elun vs Scam (EVS) on sol — 连涨2轮 +10.6%
[2026-04-29 00:54:51] [动量信号2] ewon mesk (ewon) on sol — 连涨2轮 +48.7%
[2026-04-29 00:54:52] [动量信号5] Sam Mogman (MOGMAN) on sol — 连涨2轮 +36.6%
[2026-04-29 00:54:53] [动量信号4] Sam Mogman (MOGMAN) on sol — 连涨2轮 +15.9%
[2026-04-29 00:54:54] [动量信号2] ewon mesk (ewon) on sol — 连涨2轮 +12.5%
[2026-04-29 00:54:54] [动量信号8] ewon mesk (ewon) on sol — 连涨2轮 +10.1%
[2026-04-29 00:54:55] [动量信号4] chadlon mesk (chadlon) on sol — 连涨2轮 +93.0%
[2026-04-29 00:54:56] [动量信号3] Scam Gabe (SCAMGABE) on sol — 连涨2轮 +5.1%
[2026-04-29 00:54:57] [动量信号3] Goblin Mode (GOBLIN) on sol — 连涨2轮 +6.0%
[2026-04-29 00:54:58] [动量信号1] The Man from the Future (HENRY) on sol — 连涨2轮 +6.0%
[2026-04-29 00:54:59] [动量信号3] GoblinCoin (Goblin) on sol — 连涨2轮 +24.5%
[2026-04-29 00:55:19] 第25轮: 发现13个, 推送8个 (累计推送131)
[2026-04-29 00:55:35] 扫描 507 个新币...
[2026-04-29 00:55:36] [动量信号2] scam team (scam) on sol — 连涨2轮 +20.6%
[2026-04-29 00:55:37] [动量信号1] ewon mesk (ewon) on sol — 连涨2轮 +27.1%
[2026-04-29 00:55:38] [动量信号6] Sam Mogman (MOGMAN) on sol — 连涨2轮 +33.6%
[2026-04-29 00:55:39] [动量信号2] ? (ewon) on eth — 连涨2轮 +31.7%
[2026-04-29 00:55:42] [TG] Send error: ('Connection aborted.', ConnectionResetError(104, 'Connection reset by peer'))
[2026-04-29 00:55:51] 第26轮: 发现4个, 推送2个 (累计推送133)
[2026-04-29 00:56:07] 扫描 507 个新币...
[2026-04-29 00:56:09] [动量信号3] scam team (scam) on sol — 连涨2轮 +37.9%
[2026-04-29 00:56:10] [动量信号3] ewon mesk (ewon) on sol — 连涨2轮 +12.6%
[2026-04-29 00:56:12] [动量信号2] ewon mesk (ewon) on sol — 连涨2轮 +37.2%
[2026-04-29 00:56:14] [动量信号5] ewon mesk (ewon) on sol — 连涨2轮 +22.4%
[2026-04-29 00:56:15] [动量信号7] Sam Mogman (MOGMAN) on sol — 连涨2轮 +87.0%
[2026-04-29 00:56:16] [动量信号5] chadlon mesk (chadlon) on sol — 连涨2轮 +5.1%
[2026-04-29 00:56:17] [动量信号3] JD Deliver (JDD) on sol — 连涨2轮 +5.2%
[2026-04-29 00:56:18] [动量信号3] elen mesk (elen) on sol — 连涨2轮 +111.3%
[2026-04-29 00:56:35] 第27轮: 发现8个, 推送8个 (累计推送141)
[2026-04-29 00:56:52] 扫描 505 个新币...
[2026-04-29 00:56:56] [动量信号1] ? (SCAM) on eth — 连涨2轮 +8.1%
[2026-04-29 00:57:19] 扫描 504 个新币...
[2026-04-29 00:57:21] [动量信号1] The Beekeeper (BEEKEEPER) on sol — 连涨2轮 +11.5%
[2026-04-29 00:57:22] [动量信号4] ewon mesk (ewon) on sol — 连涨2轮 +60.8%
[2026-04-29 00:57:23] [动量信号8] Sam Mogman (MOGMAN) on sol — 连涨2轮 +20.5%
[2026-04-29 00:57:24] [动量信号9] ewon mesk (ewon) on sol — 连涨2轮 +8.6%
[2026-04-29 00:57:25] [动量信号2] Scam Altman (SCAM) on sol — 连涨2轮 +5.8%
[2026-04-29 00:57:37] 第29轮: 发现5个, 推送5个 (累计推送146)
[2026-04-29 00:57:53] 扫描 501 个新币...
[2026-04-29 00:57:55] [动量信号2] The Beekeeper (BEEKEEPER) on sol — 连涨2轮 +15.1%
[2026-04-29 00:57:55] [动量信号2] Elun vs Scam (EVS) on sol — 连涨2轮 +12.1%
[2026-04-29 00:58:00] [动量信号1] TikTok coin (TikTok) on sol — 连涨2轮 +5.0%
[2026-04-29 00:58:08] [动量信号6] ewon mesk (ewon) on sol — 连涨2轮 +5.2%
[2026-04-29 00:58:12] [动量信号10] ewon mesk (ewon) on sol — 连涨2轮 +5.7%
[2026-04-29 00:58:14] [动量信号7] chadlon mesk (chadlon) on sol — 连涨2轮 +34.8%
[2026-04-29 00:58:29] 第30轮: 发现6个, 推送6个 (累计推送152)
[2026-04-29 00:58:46] 扫描 505 个新币...
[2026-04-29 00:58:47] [动量信号3] The Beekeeper (BEEKEEPER) on sol — 连涨2轮 +17.7%
[2026-04-29 00:58:55] [动量信号5] scam team (scam) on sol — 连涨2轮 +13.2%
[2026-04-29 00:58:58] [动量信号5] ewon mesk (ewon) on sol — 连涨2轮 +33.3%
[2026-04-29 00:59:01] [动量信号2] pemp (PEMP) on sol — 连涨2轮 +5.2%
[2026-04-29 00:59:02] [动量信号4] 1000x (1000x) on sol — 连涨2轮 +7.3%
[2026-04-29 00:59:03] [动量信号1] UNOSOLANA (UNOSOL) on sol — 连涨2轮 +11.8%
[2026-04-29 00:59:03] [动量信号1] ? (CHRONOEFFE) on base — 连涨2轮 +5.4%
[2026-04-29 00:59:18] 第31轮: 发现7个, 推送6个 (累计推送158)
[2026-04-29 00:59:34] 扫描 498 个新币...
[2026-04-29 00:59:39] [动量信号4] The Beekeeper (BEEKEEPER) on sol — 连涨2轮 +26.8%
[2026-04-29 00:59:41] [动量信号2] TikTok coin (TikTok) on sol — 连涨2轮 +8.5%
[2026-04-29 00:59:44] [动量信号1] Infinite Pika Glitch  (IPG) on sol — 连涨2轮 +20.3%
[2026-04-29 00:59:46] [动量信号3] sniffer (SNIFFER) on sol — 连涨2轮 +17.4%
[2026-04-29 00:59:47] [动量信号5] JD Deliver (JDD) on sol — 连涨2轮 +7.0%
[2026-04-29 00:59:47] [动量信号1] ? (Manifestor) on eth — 连涨2轮 +79.2%
[2026-04-29 00:59:47] [动量信号2] ? (CHRONOEFFE) on base — 连涨2轮 +10.2%
[2026-04-29 00:59:47] [动量信号1] ? (INSTACLAW) on base — 连涨2轮 +5.0%
[2026-04-29 01:00:00] 第32轮: 发现8个, 推送5个 (累计推送163)
[2026-04-29 01:00:17] 扫描 505 个新币...
[2026-04-29 01:00:18] [动量信号1] Sam Mogman (MOGMAN) on sol — 连涨2轮 +92.5%
[2026-04-29 01:00:20] [动量信号5] The Beekeeper (BEEKEEPER) on sol — 连涨2轮 +14.4%
[2026-04-29 01:00:23] [动量信号6] ewon mesk (ewon) on sol — 连涨2轮 +11.1%
[2026-04-29 01:00:27] [动量信号11] ewon mesk (ewon) on sol — 连涨2轮 +8.2%
[2026-04-29 01:00:28] [动量信号3] SHESHOWSPEED (SPEED) on sol — 连涨2轮 +5.9%
[2026-04-29 01:00:29] [动量信号1] Clutch The Bald Eagle | Solana (CLUTCH) on sol — 连涨2轮 +13.5%
[2026-04-29 01:00:44] 第33轮: 发现6个, 推送6个 (累计推送169)
[2026-04-29 01:01:17] 扫描 503 个新币...
[2026-04-29 01:01:18] [动量信号1] PUMP-FUN AIRDROP (PUMP) on sol — 连涨2轮 +10.2%
[2026-04-29 01:01:19] [动量信号1] The Royal Dog (ROLLO) on sol — 连涨2轮 +16.3%
[2026-04-29 01:01:21] [动量信号2] Sam Mogman (MOGMAN) on sol — 连涨2轮 +72.8%
[2026-04-29 01:01:23] [动量信号1] McDonald's (McDonalds) on sol — 连涨2轮 +10.1%
[2026-04-29 01:01:26] [动量信号7] ewon mesk (ewon) on sol — 连涨2轮 +43.2%
[2026-04-29 01:01:27] [动量信号3] ewon mesk (ewon) on sol — 连涨2轮 +73.8%
[2026-04-29 01:01:27] [动量信号2] ? (Manifestor) on eth — 连涨2轮 +19.8%
[2026-04-29 01:01:42] 第34轮: 发现7个, 推送6个 (累计推送175)
[2026-04-29 01:01:59] 扫描 500 个新币...
[2026-04-29 01:02:01] [动量信号2] PUMP-FUN AIRDROP (PUMP) on sol — 连涨2轮 +15.1%
[2026-04-29 01:02:03] [动量信号2] The Royal Dog (ROLLO) on sol — 连涨2轮 +12.9%
[2026-04-29 01:02:06] [动量信号2] McDonald's (McDonalds) on sol — 连涨2轮 +8.7%
[2026-04-29 01:02:07] [动量信号7] ewon mesk (ewon) on sol — 连涨2轮 +72.6%
[2026-04-29 01:02:09] [动量信号12] ewon mesk (ewon) on sol — 连涨2轮 +5.8%
[2026-04-29 01:02:10] [动量信号6] JD Deliver (JDD) on sol — 连涨2轮 +5.8%
[2026-04-29 01:02:10] [动量信号3] ? (Manifestor) on eth — 连涨2轮 +40.8%
[2026-04-29 01:02:11] [动量信号3] ? (ewon) on eth — 连涨2轮 +63.9%
[2026-04-29 01:02:28] 第35轮: 发现8个, 推送6个 (累计推送181)
[2026-04-29 01:02:44] 扫描 497 个新币...
[2026-04-29 01:02:45] [动量信号3] PUMP-FUN AIRDROP (PUMP) on sol — 连涨2轮 +7.0%
[2026-04-29 01:02:46] [动量信号3] Sam Mogman (MOGMAN) on sol — 连涨2轮 +240.8%
[2026-04-29 01:02:47] [动量信号8] ewon mesk (ewon) on sol — 连涨2轮 +10.8%
[2026-04-29 01:02:48] [动量信号8] ewon mesk (ewon) on sol — 连涨2轮 +16.2%
[2026-04-29 01:02:48] [动量信号4] ? (Manifestor) on eth — 连涨2轮 +7.9%
[2026-04-29 01:02:59] 第36轮: 发现5个, 推送4个 (累计推送185)
[2026-04-29 01:03:16] 扫描 497 个新币...
[2026-04-29 01:03:17] [动量信号1] Goblin the goblin CORRECY (CORRECT ) on sol — 连涨2轮 +7.0%
[2026-04-29 01:03:19] [动量信号1] Goolag (Goolag) on sol — 连涨2轮 +14.2%
[2026-04-29 01:03:20] [动量信号3] The Royal Dog (ROLLO) on sol — 连涨2轮 +68.1%
[2026-04-29 01:03:31] 第37轮: 发现3个, 推送3个 (累计推送188)
[2026-04-29 01:03:48] 扫描 498 个新币...
[2026-04-29 01:03:49] [动量信号1] Sam Mogman (MOGMAN) on sol — 连涨2轮 +13.3%
[2026-04-29 01:03:51] [动量信号4] The Royal Dog (ROLLO) on sol — 连涨2轮 +40.0%
[2026-04-29 01:03:52] [动量信号10] ewon mesk (ewon) on sol — 连涨2轮 +22.9%
[2026-04-29 01:03:53] [动量信号1] ? (INCOME) on eth — 连涨2轮 +9.3%
[2026-04-29 01:04:00] 第38轮: 发现4个, 推送3个 (累计推送191)
[2026-04-29 01:04:16] 扫描 501 个新币...
[2026-04-29 01:04:17] [动量信号1] Actually Useless (AU) on sol — 连涨2轮 +116.4%
[2026-04-29 01:04:18] [动量信号2] Sam Mogman (MOGMAN) on sol — 连涨2轮 +81.7%
[2026-04-29 01:04:20] [动量信号6] The Beekeeper (BEEKEEPER) on sol — 连涨2轮 +5.9%
[2026-04-29 01:04:22] [动量信号11] ewon mesk (ewon) on sol — 连涨2轮 +47.0%
[2026-04-29 01:04:25] [动量信号4] ewon mesk (ewon) on sol — 连涨2轮 +48.1%
[2026-04-29 01:04:30] [动量信号9] ewon mesk (ewon) on sol — 连涨2轮 +73.3%
[2026-04-29 01:04:31] [动量信号3] poof (POOF) on sol — 连涨2轮 +6.0%
[2026-04-29 01:04:46] 第39轮: 发现7个, 推送7个 (累计推送198)
[2026-04-29 01:05:02] 扫描 501 个新币...
[2026-04-29 01:05:09] [动量信号1] ur mom (urmom) on sol — 连涨2轮 +96.1%
[2026-04-29 01:05:11] [动量信号3] Sam Mogman (MOGMAN) on sol — 连涨2轮 +43.7%
[2026-04-29 01:05:14] [动量信号2] Goblin the goblin CORRECY (CORRECT ) on sol — 连涨2轮 +24.0%
[2026-04-29 01:05:18] [动量信号4] Sam Mogman (MOGMAN) on sol — 连涨2轮 +58.8%
[2026-04-29 01:05:25] [动量信号5] ewon mesk (ewon) on sol — 连涨2轮 +85.2%
[2026-04-29 01:05:30] [动量信号4] poof (POOF) on sol — 连涨2轮 +13.8%
[2026-04-29 01:05:46] 第40轮: 发现6个, 推送6个 (累计推送204)
[2026-04-29 01:06:02] 扫描 502 个新币...
[2026-04-29 01:06:05] [动量信号2] Actually Useless (AU) on sol — 连涨2轮 +222.7%
[2026-04-29 01:06:06] [动量信号4] Sam Mogman (MOGMAN) on sol — 连涨2轮 +10.7%
[2026-04-29 01:06:07] [动量信号4] PUMP-FUN AIRDROP (PUMP) on sol — 连涨2轮 +13.8%
[2026-04-29 01:06:14] [动量信号5] Sam Mogman (MOGMAN) on sol — 连涨2轮 +223.0%
[2026-04-29 01:06:15] [动量信号6] ewon mesk (ewon) on sol — 连涨2轮 +5.6%
[2026-04-29 01:06:16] [动量信号2] Infinite Pika Glitch  (IPG) on sol — 连涨2轮 +8.3%
[2026-04-29 01:06:19] [动量信号7] JD Deliver (JDD) on sol — 连涨2轮 +10.1%
[2026-04-29 01:06:20] [动量信号2] Clutch The Bald Eagle | Solana (CLUTCH) on sol — 连涨2轮 +32.8%
[2026-04-29 01:06:20] [动量信号5] ? (Manifestor) on eth — 连涨2轮 +6.2%
[2026-04-29 01:06:40] 第41轮: 发现9个, 推送8个 (累计推送212)
[2026-04-29 01:06:56] 扫描 496 个新币...
[2026-04-29 01:06:57] [动量信号1] Actually Useless (Au) on sol — 连涨2轮 +67.5%
[2026-04-29 01:06:58] [动量信号1] Sam Mogman (MOGMAN) on sol — 连涨2轮 +22.3%
[2026-04-29 01:07:00] [动量信号1] GoogleAI coin (Google AI) on sol — 连涨2轮 +10.6%
[2026-04-29 01:07:01] [动量信号1] Make Dogs Great Again (MDGA) on sol — 连涨2轮 +12.8%
[2026-04-29 01:07:03] [动量信号1] The Beekeeper (BEEKEEPER) on sol — 连涨2轮 +8.0%
[2026-04-29 01:07:04] [动量信号6] ? (Manifestor) on eth — 连涨2轮 +29.1%
[2026-04-29 01:07:04] [动量信号1] ? (ARMA) on eth — 连涨2轮 +6.3%
[2026-04-29 01:07:15] 第42轮: 发现7个, 推送5个 (累计推送217)
[2026-04-29 01:07:31] 扫描 499 个新币...
[2026-04-29 01:07:34] [动量信号2] Sam Mogman (MOGMAN) on sol — 连涨2轮 +9.2%
[2026-04-29 01:07:35] [动量信号3] Actually Useless (AU) on sol — 连涨2轮 +89.2%
[2026-04-29 01:07:36] [动量信号2] GoogleAI coin (Google AI) on sol — 连涨2轮 +5.3%
[2026-04-29 01:07:37] [动量信号1] Annie Altman Donations (ANNIE ) on sol — 连涨2轮 +9.8%
[2026-04-29 01:07:37] [动量信号7] ? (Manifestor) on eth — 连涨2轮 +19.6%
[2026-04-29 01:07:48] 第43轮: 发现5个, 推送4个 (累计推送221)
[2026-04-29 01:08:04] 扫描 501 个新币...
[2026-04-29 01:08:07] [动量信号1] the scammor (scammor) on sol — 连涨2轮 +39.7%
[2026-04-29 01:08:09] [动量信号3] Sam Mogman (MOGMAN) on sol — 连涨2轮 +11.3%
[2026-04-29 01:08:10] [动量信号1] niggas (NIGGAS) on sol — 连涨2轮 +6.3%
[2026-04-29 01:08:10] [动量信号1] ? (MANIFESTOR) on eth — 连涨2轮 +13.0%
[2026-04-29 01:08:18] 第44轮: 发现4个, 推送3个 (累计推送224)
[2026-04-29 01:08:34] 扫描 501 个新币...
[2026-04-29 01:08:36] [动量信号1] Sam Mogman (MOGMAN) on sol — 连涨2轮 +6.9%
[2026-04-29 01:08:37] [动量信号4] Sam Mogman (MOGMAN) on sol — 连涨2轮 +32.6%
[2026-04-29 01:08:43] 第45轮: 发现2个, 推送2个 (累计推送226)
[2026-04-29 01:09:00] 扫描 498 个新币...
[2026-04-29 01:09:02] [动量信号2] the scammor (scammor) on sol — 连涨2轮 +61.4%
[2026-04-29 01:09:02] [动量信号5] Sam Mogman (MOGMAN) on sol — 连涨2轮 +43.0%
[2026-04-29 01:09:03] [动量信号1] ? (ewon) on eth — 连涨2轮 +17.4%
[2026-04-29 01:09:09] 第46轮: 发现3个, 推送2个 (累计推送228)
[2026-04-29 01:09:26] 扫描 499 个新币...
[2026-04-29 01:09:26] [动量信号2] ? (ewon) on eth — 连涨2轮 +7.7%
[2026-04-29 01:09:44] 扫描 501 个新币...
[2026-04-29 01:09:46] [动量信号1] Actually Useless (AU) on sol — 连涨2轮 +5.9%
[2026-04-29 01:09:47] [动量信号1] ewon mesk (ewon) on sol — 连涨2轮 +5.1%
[2026-04-29 01:09:48] [动量信号3] the scammor (scammor) on sol — 连涨2轮 +10.5%
[2026-04-29 01:09:48] [动量信号6] Sam Mogman (MOGMAN) on sol — 连涨2轮 +5.2%
[2026-04-29 01:10:01] 第48轮: 发现4个, 推送4个 (累计推送232)
[2026-04-29 01:10:17] 扫描 505 个新币...
[2026-04-29 01:10:38] 扫描 499 个新币...
[2026-04-29 01:10:40] [动量信号1] Sam Mogman (AU) on sol — 连涨2轮 +9.3%
[2026-04-29 01:10:42] [动量信号1] Actually Useless (AU) on sol — 连涨2轮 +5.3%
[2026-04-29 01:10:43] [动量信号2] Sam Mogman (MOGMAN) on sol — 连涨2轮 +70.4%
[2026-04-29 01:10:44] [动量信号7] Sam Mogman (MOGMAN) on sol — 连涨2轮 +8.1%
[2026-04-29 01:10:55] 第50轮: 发现4个, 推送4个 (累计推送236)
[2026-04-29 01:11:11] 扫描 496 个新币...
[2026-04-29 01:11:12] [动量信号1] Actually Useless (AU) on sol — 连涨2轮 +8.5%
[2026-04-29 01:11:19] [动量信号2] Sam Mogman (AU) on sol — 连涨2轮 +13.9%
[2026-04-29 01:11:23] [动量信号3] Actually Useless (AU) on sol — 连涨2轮 +7.2%
[2026-04-29 01:11:29] [动量信号2] Actually Useless (AU) on sol — 连涨2轮 +5.0%
[2026-04-29 01:11:31] [动量信号3] Sam Mogman (MOGMAN) on sol — 连涨2轮 +18.5%
[2026-04-29 01:11:32] [动量信号8] Sam Mogman (MOGMAN) on sol — 连涨2轮 +21.1%
[2026-04-29 01:11:48] 第51轮: 发现6个, 推送6个 (累计推送242)
[2026-04-29 01:12:04] 扫描 496 个新币...
[2026-04-29 01:12:11] [动量信号3] Sam Mogman (AU) on sol — 连涨2轮 +13.4%
[2026-04-29 01:12:18] [动量信号4] Sam Mogman (MOGMAN) on sol — 连涨2轮 +22.5%
[2026-04-29 01:12:21] [动量信号1] Actually Useless (AU) on sol — 连涨2轮 +10.1%
[2026-04-29 01:12:28] [动量信号1] alun (alun) on sol — 连涨2轮 +11.3%
[2026-04-29 01:12:30] [动量信号4] The Man from the Future (HENRY) on sol — 连涨2轮 +14.0%
[2026-04-29 01:12:42] 第52轮: 发现5个, 推送5个 (累计推送247)
[2026-04-29 01:12:59] 扫描 496 个新币...
[2026-04-29 01:13:00] [动量信号1] The Beekeeper (BEEKEEPER) on sol — 连涨2轮 +6.5%
[2026-04-29 01:13:04] [动量信号1] ewon mesk (ewon) on sol — 连涨2轮 +10.7%
[2026-04-29 01:13:07] [动量信号4] Sam Mogman (AU) on sol — 连涨2轮 +20.7%
[2026-04-29 01:13:10] [动量信号5] Sam Mogman (MOGMAN) on sol — 连涨2轮 +22.7%
[2026-04-29 01:13:11] [动量信号2] Actually Useless (Au) on sol — 连涨2轮 +42.7%
[2026-04-29 01:13:15] [动量信号1] MAKE BONK GREAT AGAIN (MBGA) on sol — 连涨2轮 +19.8%
[2026-04-29 01:13:16] [动量信号1] Justice For Luca Cella Walker (LUCA) on sol — 连涨2轮 +7.6%
[2026-04-29 01:13:17] [动量信号1] ? (FELON) on eth — 连涨2轮 +5.9%
[2026-04-29 01:13:32] 第53轮: 发现8个, 推送7个 (累计推送254)
[2026-04-29 01:13:48] 扫描 496 个新币...
[2026-04-29 01:13:49] [动量信号2] The Beekeeper (BEEKEEPER) on sol — 连涨2轮 +23.6%
[2026-04-29 01:13:50] [动量信号2] ewon mesk (ewon) on sol — 连涨2轮 +13.5%
[2026-04-29 01:13:51] [动量信号2] Actually Useless (AU) on sol — 连涨2轮 +44.6%
[2026-04-29 01:13:52] [动量信号3] Actually Useless (Au) on sol — 连涨2轮 +82.6%
[2026-04-29 01:13:53] [动量信号9] Sam Mogman (MOGMAN) on sol — 连涨2轮 +17.5%
[2026-04-29 01:13:54] [动量信号7] ewon mesk (ewon) on sol — 连涨2轮 +21.4%
[2026-04-29 01:13:55] [动量信号2] Retatrutide (RETA) on sol — 连涨2轮 +20.1%
[2026-04-29 01:13:56] [动量信号2] Annie Altman Donations (ANNIE ) on sol — 连涨2轮 +12.8%
[2026-04-29 01:13:57] [动量信号5] The Man from the Future (HENRY) on sol — 连涨2轮 +7.4%
[2026-04-29 01:14:17] 第54轮: 发现9个, 推送8个 (累计推送262)
[2026-04-29 01:14:34] 扫描 494 个新币...
[2026-04-29 01:14:36] [动量信号1] forest goblin (GOBLIN) on sol — 连涨2轮 +81.5%
[2026-04-29 01:14:44] [动量信号3] Actually Useless (AU) on sol — 连涨2轮 +11.9%
[2026-04-29 01:14:47] [动量信号1] SUPER (RUNNER) on sol — 连涨2轮 +7.1%
[2026-04-29 01:14:52] [动量信号6] Sam Mogman (MOGMAN) on sol — 连涨2轮 +18.4%
[2026-04-29 01:14:53] [动量信号4] GoblinCoin (Goblin) on sol — 连涨2轮 +59.1%
[2026-04-29 01:15:08] 第55轮: 发现5个, 推送5个 (累计推送267)
[2026-04-29 01:15:25] 扫描 497 个新币...
[2026-04-29 01:15:26] [动量信号1] Actually Useless (AU) on sol — 连涨2轮 +231.0%
[2026-04-29 01:15:27] [动量信号3] The Beekeeper (BEEKEEPER) on sol — 连涨2轮 +9.3%
[2026-04-29 01:15:28] [动量信号2] SUPER (RUNNER) on sol — 连涨2轮 +5.1%
[2026-04-29 01:15:30] [动量信号3] Actually Useless (AU) on sol — 连涨2轮 +16.3%
[2026-04-29 01:15:31] [动量信号7] ewon mesk (ewon) on sol — 连涨2轮 +11.2%
[2026-04-29 01:15:45] 第56轮: 发现5个, 推送5个 (累计推送272)
[2026-04-29 01:16:01] 扫描 500 个新币...
[2026-04-29 01:16:02] [动量信号4] Actually Useless (AU) on sol — 连涨2轮 +31.2%
[2026-04-29 01:16:04] [动量信号6] Sam Mogman (MOGMAN) on sol — 连涨2轮 +14.7%
[2026-04-29 01:16:04] [动量信号5] poof (POOF) on sol — 连涨2轮 +6.3%
[2026-04-29 01:16:13] 第57轮: 发现3个, 推送3个 (累计推送275)
[2026-04-29 01:16:29] 扫描 499 个新币...
[2026-04-29 01:16:31] [动量信号1] Actually Useless (Au) on sol — 连涨2轮 +39.7%
[2026-04-29 01:16:32] [动量信号2] Actually Useless (AU) on sol — 连涨2轮 +43.9%
[2026-04-29 01:16:32] [动量信号5] Actually Useless (AU) on sol — 连涨2轮 +24.6%
[2026-04-29 01:16:33] [动量信号10] Sam Mogman (MOGMAN) on sol — 连涨2轮 +15.1%
[2026-04-29 01:16:34] [动量信号5] GoblinCoin (Goblin) on sol — 连涨2轮 +7.5%
[2026-04-29 01:16:47] 第58轮: 发现5个, 推送5个 (累计推送280)
[2026-04-29 01:17:04] 扫描 497 个新币...
[2026-04-29 01:17:05] [动量信号2] Actually Useless (Au) on sol — 连涨2轮 +90.5%
[2026-04-29 01:17:07] [动量信号3] Actually Useless (AU) on sol — 连涨2轮 +22.6%
[2026-04-29 01:17:09] [动量信号6] Actually Useless (AU) on sol — 连涨2轮 +16.1%
[2026-04-29 01:17:10] [动量信号7] Sam Mogman (MOGMAN) on sol — 连涨2轮 +9.4%
[2026-04-29 01:17:10] [动量信号1] ? (DOLAN) on eth — 连涨2轮 +6.1%
[2026-04-29 01:17:19] 第59轮: 发现5个, 推送4个 (累计推送284)
[2026-04-29 01:17:35] 扫描 496 个新币...
[2026-04-29 01:17:37] 第60轮: 无新信号 (累计推送284)
[2026-04-29 01:17:53] 扫描 496 个新币...
[2026-04-29 01:18:12] 扫描 497 个新币...
[2026-04-29 01:18:13] [动量信号1] The Beekeeper (BEEKEEPER) on sol — 连涨2轮 +28.2%
[2026-04-29 01:18:15] [动量信号8] Sam Mogman (MOGMAN) on sol — 连涨2轮 +12.2%
[2026-04-29 01:18:20] 第62轮: 发现2个, 推送2个 (累计推送286)
[2026-04-29 01:18:36] 扫描 498 个新币...
[2026-04-29 01:18:55] 扫描 499 个新币...
[2026-04-29 01:19:14] 扫描 501 个新币...
[2026-04-29 01:19:16] [动量信号1] Actually Retarded (Ar) on sol — 连涨2轮 +18.3%
[2026-04-29 01:19:17] [动量信号1] Actually Useless (AU) on sol — 连涨2轮 +7.2%
[2026-04-29 01:19:18] [动量信号3] The Beekeeper (BEEKEEPER) on sol — 连涨2轮 +10.5%
[2026-04-29 01:19:26] 第65轮: 发现3个, 推送3个 (累计推送289)
[2026-04-29 01:19:43] 扫描 502 个新币...
[2026-04-29 01:19:45] [动量信号2] Actually Retarded (Ar) on sol — 连涨2轮 +24.5%
[2026-04-29 01:19:47] [动量信号4] The Beekeeper (BEEKEEPER) on sol — 连涨2轮 +5.7%
[2026-04-29 01:19:48] [动量信号1] Actually Retarded (Ar) on sol — 连涨2轮 +10.1%
[2026-04-29 01:19:48] [动量信号1] ? (APHEX) on eth — 连涨2轮 +5.6%
[2026-04-29 01:19:57] 第66轮: 发现4个, 推送3个 (累计推送292)
[2026-04-29 01:20:14] 扫描 499 个新币...
[2026-04-29 01:20:20] [动量信号1] Actually Useless (Au) on sol — 连涨2轮 +54.8%
[2026-04-29 01:20:27] [动量信号3] Actually Retarded (Ar) on sol — 连涨2轮 +21.2%
[2026-04-29 01:20:30] [动量信号2] Actually Useless (AU) on sol — 连涨2轮 +8.6%
[2026-04-29 01:20:33] [动量信号5] The Beekeeper (BEEKEEPER) on sol — 连涨2轮 +10.3%
[2026-04-29 01:20:34] [动量信号2] Actually Retarded (Ar) on sol — 连涨2轮 +11.6%
[2026-04-29 01:20:40] [动量信号4] Actually Useless (AU) on sol — 连涨2轮 +65.6%
[2026-04-29 01:20:44] [动量信号7] Actually Useless (AU) on sol — 连涨2轮 +46.0%
[2026-04-29 01:20:45] [动量信号3] ewon mesk (ewon) on sol — 连涨2轮 +6.3%
[2026-04-29 01:21:04] 第67轮: 发现8个, 推送8个 (累计推送300)
[2026-04-29 01:21:20] 扫描 498 个新币...
[2026-04-29 01:21:23] [动量信号2] Actually Useless (Au) on sol — 连涨2轮 +8.9%
[2026-04-29 01:21:24] [动量信号3] Actually Useless (AU) on sol — 连涨2轮 +5.8%
[2026-04-29 01:21:28] [动量信号1] Unidentified Flying Dorito (UFD) on sol — 连涨2轮 +14.3%
[2026-04-29 01:21:30] [动量信号3] Actually Useless (Au) on sol — 连涨2轮 +148.6%
[2026-04-29 01:21:32] [动量信号11] Sam Mogman (MOGMAN) on sol — 连涨2轮 +15.9%
[2026-04-29 01:21:32] [动量信号1] ? (WZRA) on base — 连涨2轮 +5.5%
[2026-04-29 01:21:47] 第68轮: 发现6个, 推送5个 (累计推送305)
[2026-04-29 01:22:04] 扫描 500 个新币...
[2026-04-29 01:22:05] [动量信号1] Ketalon (Ketalon) on sol — 连涨2轮 +175.7%
[2026-04-29 01:22:08] [动量信号1] REAL JADE USER (JADE) on sol — 连涨2轮 +35.6%
[2026-04-29 01:22:09] [动量信号3] Actually Useless (Au) on sol — 连涨2轮 +6.8%
[2026-04-29 01:22:14] [动量信号4] Actually Useless (AU) on sol — 连涨2轮 +11.2%
[2026-04-29 01:22:14] [动量信号4] Actually Useless (Au) on sol — 连涨2轮 +18.0%
[2026-04-29 01:22:16] [动量信号8] Actually Useless (AU) on sol — 连涨2轮 +83.8%
[2026-04-29 01:22:16] [动量信号2] ? (DOLAN) on eth — 连涨2轮 +29.1%
[2026-04-29 01:22:16] [动量信号2] ? (WZRA) on base — 连涨2轮 +5.5%
[2026-04-29 01:22:32] 第69轮: 发现8个, 推送6个 (累计推送311)
[2026-04-29 01:22:48] 扫描 499 个新币...
[2026-04-29 01:22:50] [动量信号1] Actually Useless (Au) on sol — 连涨2轮 +5.5%
[2026-04-29 01:22:52] [动量信号1] Actually Useless (Au) on sol — 连涨2轮 +15.0%
[2026-04-29 01:22:54] [动量信号1] Coca-Cola (CocaCola) on sol — 连涨2轮 +5.2%
[2026-04-29 01:22:55] [动量信号2] Unidentified Flying Dorito (UFD) on sol — 连涨2轮 +6.6%
[2026-04-29 01:22:56] [动量信号5] Actually Useless (Au) on sol — 连涨2轮 +175.0%
[2026-04-29 01:22:56] [动量信号1] ? (SIMSCAT) on eth — 连涨2轮 +5.4%
[2026-04-29 01:23:10] 第70轮: 发现6个, 推送5个 (累计推送316)
[2026-04-29 01:23:26] 扫描 499 个新币...
[2026-04-29 01:23:27] [动量信号1] Honest Elon (HONEST) on sol — 连涨2轮 +96.2%
[2026-04-29 01:23:30] [动量信号1] Actually Useless (Au) on sol — 连涨2轮 +34.3%
[2026-04-29 01:23:31] [动量信号4] Actually Retarded (Ar) on sol — 连涨2轮 +35.6%
[2026-04-29 01:23:34] [动量信号6] Actually Useless (Au) on sol — 连涨2轮 +5.0%
[2026-04-29 01:23:46] 第71轮: 发现4个, 推送4个 (累计推送320)
[2026-04-29 01:24:03] 扫描 500 个新币...
[2026-04-29 01:24:07] [动量信号1] vampcoin49032 (vampcoin) on sol — 连涨2轮 +10.7%
[2026-04-29 01:24:08] [动量信号1] Broke Retards On Solana (BROS) on sol — 连涨2轮 +56.1%
[2026-04-29 01:24:10] [动量信号2] Actually Useless (Au) on sol — 连涨2轮 +68.0%
[2026-04-29 01:24:12] [动量信号5] Actually Retarded (Ar) on sol — 连涨2轮 +8.5%
[2026-04-29 01:24:14] [动量信号6] GoblinCoin (Goblin) on sol — 连涨2轮 +23.9%
[2026-04-29 01:24:26] 第72轮: 发现5个, 推送5个 (累计推送325)
[2026-04-29 01:24:42] 扫描 503 个新币...
[2026-04-29 01:24:43] [动量信号2] Broke Retards On Solana (BROS) on sol — 连涨2轮 +52.3%
[2026-04-29 01:24:44] [动量信号3] Actually Useless (Au) on sol — 连涨2轮 +43.7%
[2026-04-29 01:24:46] [动量信号2] Actually Useless (Au) on sol — 连涨2轮 +6.5%
[2026-04-29 01:24:47] [动量信号1] Actually Useless (Au) on sol — 连涨2轮 +10.9%
[2026-04-29 01:24:56] 第73轮: 发现4个, 推送4个 (累计推送329)
[2026-04-29 01:25:13] 扫描 498 个新币...
[2026-04-29 01:25:14] [动量信号1] The Beekeeper (BEEKEEPER) on sol — 连涨2轮 +34.2%
[2026-04-29 01:25:15] [动量信号1] Ketalon (Ketalon) on sol — 连涨2轮 +9.0%
[2026-04-29 01:25:16] [动量信号3] Broke Retards On Solana (BROS) on sol — 连涨2轮 +8.1%
[2026-04-29 01:25:17] [动量信号2] Actually Useless (Au) on sol — 连涨2轮 +20.2%
[2026-04-29 01:25:18] [动量信号6] Actually Retarded (Ar) on sol — 连涨2轮 +20.2%
[2026-04-29 01:25:18] [动量信号1] ? (MANIFESTOR) on eth — 连涨2轮 +39.9%
[2026-04-29 01:25:19] [动量信号2] ? (MANIFESTOR) on eth — 连涨2轮 +9.8%
[2026-04-29 01:25:33] 第74轮: 发现7个, 推送5个 (累计推送334)
[2026-04-29 01:25:49] 扫描 496 个新币...
[2026-04-29 01:25:50] [动量信号2] The Beekeeper (BEEKEEPER) on sol — 连涨2轮 +23.0%
[2026-04-29 01:25:51] [动量信号1] vampcoin49032 (vampcoin) on sol — 连涨2轮 +9.6%
[2026-04-29 01:25:52] [动量信号2] Ketalon (Ketalon) on sol — 连涨2轮 +12.2%
[2026-04-29 01:25:53] [动量信号3] Actually Useless (Au) on sol — 连涨2轮 +19.6%
[2026-04-29 01:25:53] [动量信号1] ? (UUSD) on base — 连涨2轮 +5.0%
[2026-04-29 01:26:04] 第75轮: 发现5个, 推送4个 (累计推送338)
[2026-04-29 01:26:20] 扫描 499 个新币...
[2026-04-29 01:26:24] [动量信号2] ? (MANIFESTOR) on eth — 连涨2轮 +29.8%
[2026-04-29 01:26:41] 扫描 500 个新币...
[2026-04-29 01:26:43] [动量信号1] duneld twomp (twomp) on sol — 连涨2轮 +43.6%
[2026-04-29 01:26:44] [动量信号1] Ketalon (Ketalon) on sol — 连涨2轮 +12.5%
[2026-04-29 01:26:45] [动量信号3] vampcoin49032 (vampcoin) on sol — 连涨2轮 +10.7%
[2026-04-29 01:26:46] [动量信号4] Ketalon (Ketalon) on sol — 连涨2轮 +15.7%
[2026-04-29 01:26:47] [动量信号7] Actually Retarded (Ar) on sol — 连涨2轮 +16.2%
[2026-04-29 01:26:47] [动量信号3] ? (MANIFESTOR) on eth — 连涨2轮 +6.3%
[2026-04-29 01:27:00] 第77轮: 发现6个, 推送5个 (累计推送343)
[2026-04-29 01:27:17] 扫描 500 个新币...
[2026-04-29 01:27:21] [动量信号2] duneld twomp (twomp) on sol — 连涨2轮 +26.3%
[2026-04-29 01:27:23] [动量信号4] The Beekeeper (BEEKEEPER) on sol — 连涨2轮 +12.0%
[2026-04-29 01:27:24] [动量信号5] Ketalon (Ketalon) on sol — 连涨2轮 +28.5%
[2026-04-29 01:27:24] [动量信号4] ? (MANIFESTOR) on eth — 连涨2轮 +16.3%
[2026-04-29 01:27:33] 第78轮: 发现4个, 推送3个 (累计推送346)
[2026-04-29 01:27:49] 扫描 499 个新币...
[2026-04-29 01:27:50] [动量信号1] Say Wallahi Bro 😭 🙏 (wallahi) on sol — 连涨2轮 +19.5%
[2026-04-29 01:27:52] [动量信号3] duneld twomp (twomp) on sol — 连涨2轮 +11.2%
[2026-04-29 01:27:54] [动量信号2] Ketalon (Ketalon) on sol — 连涨2轮 +5.5%
[2026-04-29 01:27:55] [动量信号5] The Beekeeper (BEEKEEPER) on sol — 连涨2轮 +7.3%
[2026-04-29 01:27:55] [动量信号3] ? (MANIFESTOR) on eth — 连涨2轮 +13.3%
[2026-04-29 01:28:06] 第79轮: 发现5个, 推送4个 (累计推送350)
[2026-04-29 01:28:22] 扫描 493 个新币...
[2026-04-29 01:28:28] [动量信号1] Actually Useless (Au) on sol — 连涨2轮 +7.5%
[2026-04-29 01:28:29] [动量信号4] vampcoin49032 (vampcoin) on sol — 连涨2轮 +8.2%
[2026-04-29 01:28:35] [动量信号3] ewon mesk (ewon) on sol — 连涨2轮 +6.4%
[2026-04-29 01:28:43] 第80轮: 发现3个, 推送3个 (累计推送353)
[2026-04-29 01:28:59] 扫描 497 个新币...
[2026-04-29 01:29:00] [动量信号6] The Beekeeper (BEEKEEPER) on sol — 连涨2轮 +6.9%
[2026-04-29 01:29:07] [动量信号5] vampcoin49032 (vampcoin) on sol — 连涨2轮 +5.6%
[2026-04-29 01:29:14] [动量信号8] Actually Retarded (Ar) on sol — 连涨2轮 +20.8%
[2026-04-29 01:29:15] [动量信号4] ewon mesk (ewon) on sol — 连涨2轮 +8.6%
[2026-04-29 01:29:19] [动量信号2] The Beekeeper (BEEKEEPER) on sol — 连涨2轮 +8.1%
[2026-04-29 01:29:20] [动量信号3] Annie Altman Donations (ANNIE ) on sol — 连涨2轮 +12.1%
[2026-04-29 01:29:20] [动量信号4] ? (MANIFESTOR) on eth — 连涨2轮 +5.1%
[2026-04-29 01:29:35] 第81轮: 发现7个, 推送6个 (累计推送359)
[2026-04-29 01:29:51] 扫描 496 个新币...
[2026-04-29 01:29:52] [动量信号1] Ketalon (Ketalon) on sol — 连涨2轮 +11.0%
[2026-04-29 01:29:53] [动量信号2] Say Wallahi Bro 😭 🙏 (wallahi) on sol — 连涨2轮 +9.0%
[2026-04-29 01:29:54] [动量信号5] ewon mesk (ewon) on sol — 连涨2轮 +5.7%
[2026-04-29 01:29:55] [动量信号3] Elun vs Scam (EVS) on sol — 连涨2轮 +6.3%
[2026-04-29 01:30:06] 第82轮: 发现4个, 推送4个 (累计推送363)
[2026-04-29 01:30:22] 扫描 499 个新币...
[2026-04-29 01:30:24] [动量信号1] Say Wallahi Bro 😭 🙏 (wallahi) on sol — 连涨2轮 +20.8%
[2026-04-29 01:30:25] [动量信号1] Broke Retards On Solana (BROS) on sol — 连涨2轮 +8.9%
[2026-04-29 01:30:27] [动量信号6] vampcoin49032 (vampcoin) on sol — 连涨2轮 +9.5%
[2026-04-29 01:30:28] [动量信号4] GoblinGremRaccoonTrollOgrePigeon (CREATURES) on sol — 连涨2轮 +10.9%
[2026-04-29 01:30:37] 第83轮: 发现4个, 推送4个 (累计推送367)
[2026-04-29 01:30:54] 扫描 501 个新币...
[2026-04-29 01:30:55] [动量信号1] vampcoin999999999999999999999999 (VAMPCOIN) on sol — 连涨2轮 +13.9%
[2026-04-29 01:30:56] [动量信号1] Actually Useless (Au) on sol — 连涨2轮 +6.7%
[2026-04-29 01:30:59] [动量信号2] Say Wallahi Bro 😭 🙏 (wallahi) on sol — 连涨2轮 +20.9%
[2026-04-29 01:31:01] [动量信号2] Ketalon (Ketalon) on sol — 连涨2轮 +16.6%
[2026-04-29 01:31:02] [动量信号9] Actually Retarded (Ar) on sol — 连涨2轮 +34.2%
[2026-04-29 01:31:14] 第84轮: 发现5个, 推送5个 (累计推送372)
[2026-04-29 01:31:30] 扫描 498 个新币...
[2026-04-29 01:31:31] [动量信号1] MOKC (MOKC) on sol — 连涨2轮 +73.4%
[2026-04-29 01:31:32] [动量信号2] Actually Useless (Au) on sol — 连涨2轮 +53.9%
[2026-04-29 01:31:34] [动量信号3] Say Wallahi Bro 😭 🙏 (wallahi) on sol — 连涨2轮 +33.0%
[2026-04-29 01:31:36] [动量信号3] Ketalon (Ketalon) on sol — 连涨2轮 +14.7%
[2026-04-29 01:31:38] [动量信号1] Say Wallahi Bro 😭 🙏 (wallahi) on sol — 连涨2轮 +9.4%
[2026-04-29 01:31:39] [动量信号1] ewon mesk (ewon) on sol — 连涨2轮 +5.4%
[2026-04-29 01:31:45] [动量信号10] Actually Retarded (Ar) on sol — 连涨2轮 +8.5%
[2026-04-29 01:32:01] 第85轮: 发现7个, 推送7个 (累计推送379)
[2026-04-29 01:32:18] 扫描 492 个新币...
[2026-04-29 01:32:19] [动量信号1] Say Wallahi Bro 😭 🙏 (wallahi) on sol — 连涨2轮 +8.3%
[2026-04-29 01:32:21] [动量信号1] Actually Useless (AU) on sol — 连涨2轮 +109.3%
[2026-04-29 01:32:22] [动量信号2] MOKC (MOKC) on sol — 连涨2轮 +37.3%
[2026-04-29 01:32:24] [动量信号3] Actually Useless (Au) on sol — 连涨2轮 +10.7%
[2026-04-29 01:32:25] [动量信号4] Say Wallahi Bro 😭 🙏 (wallahi) on sol — 连涨2轮 +12.2%
[2026-04-29 01:32:26] [动量信号4] Ketalon (Ketalon) on sol — 连涨2轮 +14.3%
[2026-04-29 01:32:39] 第86轮: 发现6个, 推送6个 (累计推送385)
[2026-04-29 01:32:55] 扫描 495 个新币...
[2026-04-29 01:32:57] [动量信号2] Say Wallahi Bro 😭 🙏 (wallahi) on sol — 连涨2轮 +17.8%
[2026-04-29 01:32:58] [动量信号3] MOKC (MOKC) on sol — 连涨2轮 +57.7%
[2026-04-29 01:33:00] [动量信号4] Actually Useless (Au) on sol — 连涨2轮 +23.7%
[2026-04-29 01:33:00] [动量信号7] vampcoin49032 (vampcoin) on sol — 连涨2轮 +13.7%
[2026-04-29 01:33:02] [动量信号11] Actually Retarded (Ar) on sol — 连涨2轮 +12.3%
[2026-04-29 01:33:13] 第87轮: 发现5个, 推送5个 (累计推送390)
[2026-04-29 01:33:29] 扫描 496 个新币...
[2026-04-29 01:33:30] [动量信号1] pvpdog (pvpdog) on sol — 连涨2轮 +5.9%
[2026-04-29 01:33:32] [动量信号3] Say Wallahi Bro 😭 🙏 (wallahi) on sol — 连涨2轮 +6.2%
[2026-04-29 01:33:33] [动量信号2] Actually Useless (AU) on sol — 连涨2轮 +75.5%
[2026-04-29 01:33:34] [动量信号5] Actually Useless (Au) on sol — 连涨2轮 +12.0%
[2026-04-29 01:33:35] [动量信号5] Say Wallahi Bro 😭 🙏 (wallahi) on sol — 连涨2轮 +7.6%
[2026-04-29 01:33:36] [动量信号7] The Beekeeper (BEEKEEPER) on sol — 连涨2轮 +10.1%
[2026-04-29 01:33:37] [动量信号8] vampcoin49032 (vampcoin) on sol — 连涨2轮 +7.1%
[2026-04-29 01:33:52] 第88轮: 发现7个, 推送7个 (累计推送397)
[2026-04-29 01:34:08] 扫描 495 个新币...
[2026-04-29 01:34:10] [动量信号2] pvpdog (pvpdog) on sol — 连涨2轮 +10.0%
[2026-04-29 01:34:11] [动量信号6] Actually Useless (Au) on sol — 连涨2轮 +16.2%
[2026-04-29 01:34:12] [动量信号2] Say Wallahi Bro 😭 🙏 (wallahi) on sol — 连涨2轮 +5.3%
[2026-04-29 01:34:13] [动量信号12] Actually Retarded (Ar) on sol — 连涨2轮 +81.1%
[2026-04-29 01:34:14] [动量信号6] ewon mesk (ewon) on sol — 连涨2轮 +13.1%
[2026-04-29 01:34:14] [动量信号1] ? (EDGE) on base — 连涨2轮 +11.5%
[2026-04-29 01:34:26] 第89轮: 发现6个, 推送5个 (累计推送402)
[2026-04-29 01:34:43] 扫描 494 个新币...
[2026-04-29 01:35:06] 扫描 494 个新币...
[2026-04-29 01:35:08] [动量信号1] Say Wallahi Bro 😭 🙏 (wallahi) on sol — 连涨2轮 +15.9%
[2026-04-29 01:35:10] [动量信号3] Actually Useless (AU) on sol — 连涨2轮 +38.5%
[2026-04-29 01:35:11] [动量信号14] Actually Retarded (Ar) on sol — 连涨2轮 +19.9%
[2026-04-29 01:35:20] 第91轮: 发现3个, 推送3个 (累计推送405)
[2026-04-29 01:35:36] 扫描 496 个新币...
[2026-04-29 01:35:54] 扫描 495 个新币...
[2026-04-29 01:35:57] [动量信号4] pvpdog (pvpdog) on sol — 连涨2轮 +16.5%
[2026-04-29 01:35:58] [动量信号4] Actually Useless (AU) on sol — 连涨2轮 +11.7%
[2026-04-29 01:36:00] [动量信号15] Actually Retarded (Ar) on sol — 连涨2轮 +17.1%
[2026-04-29 01:36:00] [动量信号5] ? (MANIFESTOR) on eth — 连涨2轮 +17.4%
[2026-04-29 01:36:10] 第93轮: 发现4个, 推送3个 (累计推送408)
[2026-04-29 01:36:26] 扫描 497 个新币...
[2026-04-29 01:36:32] [动量信号5] Actually Useless (AU) on sol — 连涨2轮 +40.6%
[2026-04-29 01:36:33] [动量信号6] Say Wallahi Bro 😭 🙏 (wallahi) on sol — 连涨2轮 +6.3%
[2026-04-29 01:36:34] [动量信号3] Say Wallahi Bro 😭 🙏 (wallahi) on sol — 连涨2轮 +7.2%
[2026-04-29 01:36:34] [动量信号2] ? (INCOME) on eth — 连涨2轮 +5.6%
[2026-04-29 01:36:43] 第94轮: 发现4个, 推送3个 (累计推送411)
[2026-04-29 01:37:00] 扫描 496 个新币...
[2026-04-29 01:37:01] [动量信号1] Garlic Dog (GARLIC) on sol — 连涨2轮 +245.3%
[2026-04-29 01:37:06] [动量信号1] JUSTICE FOR ELON (SILENCED) on sol — 连涨2轮 +9.8%
[2026-04-29 01:37:08] [动量信号2] Say Wallahi Bro 😭 🙏 (wallahi) on sol — 连涨2轮 +54.2%
[2026-04-29 01:37:09] [动量信号2] Make Dogs Great Again (MDGA) on sol — 连涨2轮 +5.5%
[2026-04-29 01:37:09] [动量信号1] ? (PEPETIDE) on eth — 连涨2轮 +22.1%
[2026-04-29 01:37:18] 第95轮: 发现5个, 推送4个 (累计推送415)
[2026-04-29 01:37:34] 扫描 496 个新币...
[2026-04-29 01:37:35] [动量信号2] Garlic Dog (GARLIC) on sol — 连涨2轮 +45.6%
[2026-04-29 01:37:42] [动量信号3] Say Wallahi Bro 😭 🙏 (wallahi) on sol — 连涨2轮 +14.4%
[2026-04-29 01:37:43] [动量信号6] Actually Useless (AU) on sol — 连涨2轮 +135.6%
[2026-04-29 01:37:46] [动量信号4] Annie Altman Donations (ANNIE ) on sol — 连涨2轮 +17.5%
[2026-04-29 01:37:47] [动量信号6] ? (MANIFESTOR) on eth — 连涨2轮 +25.2%
[2026-04-29 01:37:59] 第96轮: 发现5个, 推送4个 (累计推送419)
[2026-04-29 01:38:16] 扫描 495 个新币...
[2026-04-29 01:38:22] [动量信号1] Garlic Dog (GARLIC) on sol — 连涨2轮 +72.4%
[2026-04-29 01:38:23] [动量信号3] Garlic Dog (GARLIC) on sol — 连涨2轮 +25.8%
[2026-04-29 01:38:24] [动量信号1] amazon (亚马逊) on sol — 连涨2轮 +10.2%
[2026-04-29 01:38:26] [动量信号1] Justice For Luca Cella Walker🐶 (LUCA🐶) on sol — 连涨2轮 +44.2%
[2026-04-29 01:38:32] [动量信号7] ewon mesk (ewon) on sol — 连涨2轮 +5.5%
[2026-04-29 01:38:33] [动量信号5] PUMP-FUN AIRDROP (PUMP) on sol — 连涨2轮 +12.8%
[2026-04-29 01:38:33] [动量信号7] ? (MANIFESTOR) on eth — 连涨2轮 +10.7%
[2026-04-29 01:38:51] 第97轮: 发现7个, 推送6个 (累计推送425)
[2026-04-29 01:39:08] 扫描 494 个新币...
[2026-04-29 01:39:09] [动量信号2] Garlic Dog (GARLIC) on sol — 连涨2轮 +27.5%
[2026-04-29 01:39:10] [动量信号1] vampcoin∞ (VAMPCOIN∞) on sol — 连涨2轮 +45.4%
[2026-04-29 01:39:10] [动量信号8] ? (MANIFESTOR) on eth — 连涨2轮 +20.9%
[2026-04-29 01:39:22] 第98轮: 发现3个, 推送2个 (累计推送427)
[2026-04-29 01:39:38] 扫描 492 个新币...
[2026-04-29 01:39:39] [动量信号1] Global Order Reserve (GOR) on sol — 连涨2轮 +5.4%
[2026-04-29 01:39:40] [动量信号2] vampcoin∞ (VAMPCOIN∞) on sol — 连涨2轮 +41.2%
[2026-04-29 01:39:41] [动量信号5] Sam Mogman (MOGMAN) on sol — 连涨2轮 +9.5%
[2026-04-29 01:39:51] 第99轮: 发现3个, 推送3个 (累计推送430)
[2026-04-29 01:40:07] 扫描 493 个新币...
[2026-04-29 01:40:08] [动量信号1] Codex AutoRunner  (CAR) on sol — 连涨2轮 +5.9%
[2026-04-29 01:40:09] [动量信号9] The Beekeeper (BEEKEEPER) on sol — 连涨2轮 +5.1%
[2026-04-29 01:40:15] 第100轮: 发现2个, 推送2个 (累计推送432)
[2026-04-29 01:40:31] 扫描 495 个新币...
[2026-04-29 01:40:32] [动量信号1] Garlic Dog (GARLIC) on sol — 连涨2轮 +9.1%
[2026-04-29 01:40:33] [动量信号3] vampcoin∞ (VAMPCOIN∞) on sol — 连涨2轮 +25.7%
[2026-04-29 01:40:38] 第101轮: 发现2个, 推送2个 (累计推送434)
[2026-04-29 01:40:55] 扫描 498 个新币...
[2026-04-29 01:40:57] [动量信号2] Garlic Dog (GARLIC) on sol — 连涨2轮 +15.6%
[2026-04-29 01:40:57] [动量信号2] Codex AutoRunner  (CAR) on sol — 连涨2轮 +13.8%
[2026-04-29 01:41:03] 第102轮: 发现2个, 推送2个 (累计推送436)
[2026-04-29 01:41:20] 扫描 497 个新币...
[2026-04-29 01:41:21] [动量信号1] Garlic Dog (HAZEL) on sol — 连涨2轮 +12.9%
[2026-04-29 01:41:22] [动量信号3] Garlic Dog (GARLIC) on sol — 连涨2轮 +45.7%
[2026-04-29 01:41:27] 第103轮: 发现2个, 推送2个 (累计推送438)
[2026-04-29 01:41:44] 扫描 496 个新币...
[2026-04-29 01:41:44] [动量信号1] ? (MOGMAN) on eth — 连涨2轮 +17.2%
[2026-04-29 01:42:04] 扫描 493 个新币...
[2026-04-29 01:42:06] [动量信号4] Garlic Dog (GARLIC) on sol — 连涨2轮 +39.9%
[2026-04-29 01:42:09] [动量信号4] vampcoin∞ (VAMPCOIN∞) on sol — 连涨2轮 +8.5%
[2026-04-29 01:42:14] 第105轮: 发现2个, 推送2个 (累计推送440)
[2026-04-29 01:42:31] 扫描 491 个新币...
[2026-04-29 01:42:32] [动量信号2] ? (MOGMAN) on eth — 连涨2轮 +12.1%
[2026-04-29 01:42:51] 扫描 496 个新币...
[2026-04-29 01:42:52] [动量信号1] Garlic Dog (GARLIC) on sol — 连涨2轮 +9.4%
[2026-04-29 01:42:53] [动量信号5] Garlic Dog (GARLIC) on sol — 连涨2轮 +7.3%
[2026-04-29 01:42:54] [动量信号3] Justice For Luca Cella Walker🐶 (LUCA🐶) on sol — 连涨2轮 +16.6%
[2026-04-29 01:42:55] [动量信号7] Actually Useless (AU) on sol — 连涨2轮 +42.4%
[2026-04-29 01:43:04] 第107轮: 发现4个, 推送4个 (累计推送444)
[2026-04-29 01:43:21] 扫描 499 个新币...
[2026-04-29 01:43:22] [动量信号1] ewon mesk (ewon) on sol — 连涨2轮 +23.4%
[2026-04-29 01:43:25] [动量信号2] Garlic Dog (GARLIC) on sol — 连涨2轮 +11.8%
[2026-04-29 01:43:27] [动量信号6] Garlic Dog (GARLIC) on sol — 连涨2轮 +9.4%
[2026-04-29 01:43:29] [动量信号5] vampcoin∞ (VAMPCOIN∞) on sol — 连涨2轮 +13.4%
[2026-04-29 01:43:32] [动量信号6] PUMP-FUN AIRDROP (PUMP) on sol — 连涨2轮 +13.6%
[2026-04-29 01:43:46] 第108轮: 发现5个, 推送5个 (累计推送449)
[2026-04-29 01:44:02] 扫描 495 个新币...
[2026-04-29 01:44:09] [动量信号2] ewon mesk (ewon) on sol — 连涨2轮 +14.4%
[2026-04-29 01:44:15] [动量信号3] Garlic Dog (GARLIC) on sol — 连涨2轮 +7.4%
[2026-04-29 01:44:17] [动量信号6] vampcoin∞ (VAMPCOIN∞) on sol — 连涨2轮 +7.6%
[2026-04-29 01:44:27] 第109轮: 发现3个, 推送3个 (累计推送452)
[2026-04-29 01:44:43] 扫描 492 个新币...
[2026-04-29 01:44:48] [动量信号3] ewon mesk (ewon) on sol — 连涨2轮 +9.6%
[2026-04-29 01:44:49] [动量信号7] vampcoin∞ (VAMPCOIN∞) on sol — 连涨2轮 +9.2%
[2026-04-29 01:44:50] [动量信号7] PUMP-FUN AIRDROP (PUMP) on sol — 连涨2轮 +8.5%
[2026-04-29 01:44:50] [动量信号1] ? (🪐TUORB) on eth — 连涨2轮 +23.6%
[2026-04-29 01:44:50] [动量信号9] ? (MANIFESTOR) on eth — 连涨2轮 +14.2%
[2026-04-29 01:45:01] 第110轮: 发现5个, 推送3个 (累计推送455)
[2026-04-29 01:45:17] 扫描 496 个新币...
[2026-04-29 01:45:18] [动量信号1] chadhouse (chadhouse) on sol — 连涨2轮 +31.5%
[2026-04-29 01:45:22] [动量信号4] ewon mesk (ewon) on sol — 连涨2轮 +9.0%
[2026-04-29 01:45:24] [动量信号1] ewon mesk (ewon) on sol — 连涨2轮 +20.2%
[2026-04-29 01:45:24] [动量信号10] ? (MANIFESTOR) on eth — 连涨2轮 +14.6%
[2026-04-29 01:45:32] 第111轮: 发现4个, 推送3个 (累计推送458)
[2026-04-29 01:45:48] 扫描 497 个新币...
[2026-04-29 01:45:50] [动量信号2] chadhouse (chadhouse) on sol — 连涨2轮 +28.2%
[2026-04-29 01:45:54] 第112轮: 发现1个, 推送1个 (累计推送459)
[2026-04-29 01:46:10] 扫描 496 个新币...
[2026-04-29 01:46:11] [动量信号3] chadhouse (chadhouse) on sol — 连涨2轮 +62.8%
[2026-04-29 01:46:12] [动量信号5] ewon mesk (ewon) on sol — 连涨2轮 +5.2%
[2026-04-29 01:46:18] 第113轮: 发现2个, 推送2个 (累计推送461)
[2026-04-29 01:46:34] 扫描 492 个新币...
[2026-04-29 01:46:35] [动量信号4] chadhouse (chadhouse) on sol — 连涨2轮 +34.6%
[2026-04-29 01:46:36] [动量信号6] ewon mesk (ewon) on sol — 连涨2轮 +11.5%
[2026-04-29 01:46:37] [动量信号7] Garlic Dog (GARLIC) on sol — 连涨2轮 +38.1%
[2026-04-29 01:46:38] [动量信号2] ewon mesk (ewon) on sol — 连涨2轮 +6.5%
[2026-04-29 01:46:39] [动量信号1] The Biohekur  (Biohekur) on sol — 连涨2轮 +5.4%
[2026-04-29 01:46:51] 第114轮: 发现5个, 推送5个 (累计推送466)
[2026-04-29 01:47:07] 扫描 497 个新币...
[2026-04-29 01:47:09] [动量信号8] Garlic Dog (GARLIC) on sol — 连涨2轮 +9.6%
[2026-04-29 01:47:10] [动量信号3] Garlic Dog (GARLIC) on sol — 连涨2轮 +6.2%
[2026-04-29 01:47:11] [动量信号2] Global Order Reserve (GOR) on sol — 连涨2轮 +11.5%
[2026-04-29 01:47:12] [动量信号8] PUMP-FUN AIRDROP (PUMP) on sol — 连涨2轮 +5.1%
[2026-04-29 01:47:12] [动量信号1] ? (CLAWNCH) on base — 连涨2轮 +6.2%
[2026-04-29 01:47:22] 第115轮: 发现5个, 推送4个 (累计推送470)
[2026-04-29 01:47:38] 扫描 498 个新币...
[2026-04-29 01:47:40] [动量信号1] ewon mesk (ewon) on sol — 连涨2轮 +12.1%
[2026-04-29 01:47:42] [动量信号1] Actually Useless (Au) on sol — 连涨2轮 +12.1%
[2026-04-29 01:47:43] [动量信号4] Justice For Luca Cella Walker🐶 (LUCA🐶) on sol — 连涨2轮 +46.2%
[2026-04-29 01:47:43] [动量信号11] ? (MANIFESTOR) on eth — 连涨2轮 +11.0%
[2026-04-29 01:47:43] [动量信号3] ? (MOGMAN) on eth — 连涨2轮 +13.4%
[2026-04-29 01:47:51] 第116轮: 发现5个, 推送3个 (累计推送473)
[2026-04-29 01:48:07] 扫描 499 个新币...
[2026-04-29 01:48:08] [动量信号2] ewon mesk (ewon) on sol — 连涨2轮 +5.2%
[2026-04-29 01:48:09] [动量信号5] chadhouse (chadhouse) on sol — 连涨2轮 +6.9%
[2026-04-29 01:48:10] [动量信号2] Actually Useless (Au) on sol — 连涨2轮 +27.5%
[2026-04-29 01:48:19] 第117轮: 发现3个, 推送3个 (累计推送476)
[2026-04-29 01:48:36] 扫描 499 个新币...
[2026-04-29 01:48:37] [动量信号1] chadhouse  (chadhouse ) on sol — 连涨2轮 +19.7%
[2026-04-29 01:48:38] [动量信号3] ewon mesk (ewon) on sol — 连涨2轮 +11.4%
[2026-04-29 01:48:40] [动量信号3] Actually Useless (Au) on sol — 连涨2轮 +12.3%
[2026-04-29 01:48:42] [动量信号4] Garlic Dog (GARLIC) on sol — 连涨2轮 +10.2%
[2026-04-29 01:48:44] [动量信号5] Justice For Luca Cella Walker🐶 (LUCA🐶) on sol — 连涨2轮 +16.1%
[2026-04-29 01:48:44] [动量信号2] ? (🪐TUORB) on eth — 连涨2轮 +5.8%
[2026-04-29 01:48:44] [动量信号12] ? (MANIFESTOR) on eth — 连涨2轮 +5.9%
[2026-04-29 01:48:58] 第118轮: 发现7个, 推送5个 (累计推送481)
[2026-04-29 01:49:15] 扫描 497 个新币...
[2026-04-29 01:49:16] [动量信号1] NVIDIA (NVIDIA) on sol — 连涨2轮 +5.2%
[2026-04-29 01:49:17] [动量信号4] ewon mesk (ewon) on sol — 连涨2轮 +8.8%
[2026-04-29 01:49:18] [动量信号9] Garlic Dog (GARLIC) on sol — 连涨2轮 +33.0%
[2026-04-29 01:49:20] [动量信号3] Retatrutide (RETA) on sol — 连涨2轮 +7.9%
[2026-04-29 01:49:31] 第119轮: 发现4个, 推送4个 (累计推送485)
[2026-04-29 01:49:47] 扫描 502 个新币...
[2026-04-29 01:49:49] [动量信号1] chadhouse (chadhouse) on sol — 连涨2轮 +7.0%
[2026-04-29 01:49:50] [动量信号6] chadhouse (chadhouse) on sol — 连涨2轮 +20.0%
[2026-04-29 01:49:51] [动量信号5] Garlic Dog (GARLIC) on sol — 连涨2轮 +15.3%
[2026-04-29 01:49:52] [动量信号10] Garlic Dog (GARLIC) on sol — 连涨2轮 +20.1%
[2026-04-29 01:49:52] [动量信号3] ? (🪐TUORB) on eth — 连涨2轮 +11.0%
[2026-04-29 01:50:05] 第120轮: 发现5个, 推送4个 (累计推送489)
[2026-04-29 01:50:21] 扫描 503 个新币...
[2026-04-29 01:50:23] [动量信号1] Dugecoin (Duge) on sol — 连涨2轮 +6.2%
[2026-04-29 01:50:24] [动量信号6] Garlic Dog (GARLIC) on sol — 连涨2轮 +6.0%
[2026-04-29 01:50:26] [动量信号11] Garlic Dog (GARLIC) on sol — 连涨2轮 +15.5%
[2026-04-29 01:50:26] [动量信号9] PUMP-FUN AIRDROP (PUMP) on sol — 连涨2轮 +10.2%
[2026-04-29 01:50:26] [动量信号4] ? (🪐TUORB) on eth — 连涨2轮 +16.6%
[2026-04-29 01:50:38] 第121轮: 发现5个, 推送4个 (累计推送493)
[2026-04-29 01:50:54] 扫描 499 个新币...
[2026-04-29 01:50:58] [动量信号4] Actually Useless (Au) on sol — 连涨2轮 +10.9%
[2026-04-29 01:51:06] [动量信号1] 18 Egido St., Starbase, TX 78521 (ELONHOUSE) on sol — 连涨2轮 +6.5%
[2026-04-29 01:51:06] [动量信号1] ? (CLUTCH) on eth — 连涨2轮 +5.4%
[2026-04-29 01:51:13] 第122轮: 发现3个, 推送2个 (累计推送495)
[2026-04-29 01:51:30] 扫描 501 个新币...
[2026-04-29 01:51:33] [动量信号1] chadhouse (chadhouse) on sol — 连涨2轮 +12.0%
[2026-04-29 01:51:36] [动量信号5] Actually Useless (Au) on sol — 连涨2轮 +10.7%
[2026-04-29 01:51:44] 第123轮: 发现2个, 推送2个 (累计推送497)
[2026-04-29 01:52:01] 扫描 500 个新币...
[2026-04-29 01:52:03] [动量信号2] chadhouse (chadhouse) on sol — 连涨2轮 +6.7%
[2026-04-29 01:52:09] [动量信号5] ewon mesk (ewon) on sol — 连涨2轮 +8.3%
[2026-04-29 01:52:10] [动量信号6] Actually Useless (Au) on sol — 连涨2轮 +28.4%
[2026-04-29 01:52:11] [动量信号4] Elun vs Scam (EVS) on sol — 连涨2轮 +5.9%
[2026-04-29 01:52:12] [动量信号2] 18 Egido St., Starbase, TX 78521 (ELONHOUSE) on sol — 连涨2轮 +10.9%
[2026-04-29 01:52:24] 第124轮: 发现5个, 推送5个 (累计推送502)
[2026-04-29 01:52:41] 扫描 503 个新币...
[2026-04-29 01:52:43] [动量信号3] chadhouse (chadhouse) on sol — 连涨2轮 +28.5%
[2026-04-29 01:52:44] [动量信号1] NVIDIA MEME Token (NVIDIA) on sol — 连涨2轮 +6.5%
[2026-04-29 01:52:45] [动量信号7] ewon mesk (ewon) on sol — 连涨2轮 +11.5%
[2026-04-29 01:52:47] [动量信号7] Actually Useless (Au) on sol — 连涨2轮 +23.3%
[2026-04-29 01:52:49] [动量信号4] Garlic Dog (GARLIC) on sol — 连涨2轮 +9.6%
[2026-04-29 01:53:08] 第125轮: 发现5个, 推送5个 (累计推送507)
[2026-04-29 01:53:26] 扫描 501 个新币...
[2026-04-29 01:53:27] [动量信号4] chadhouse (chadhouse) on sol — 连涨2轮 +11.9%
[2026-04-29 01:53:29] [动量信号2] chadhouse (chadhouse) on sol — 连涨2轮 +74.9%
[2026-04-29 01:53:32] [动量信号7] chadhouse (chadhouse) on sol — 连涨2轮 +7.5%
[2026-04-29 01:53:32] [动量信号7] Garlic Dog (GARLIC) on sol — 连涨2轮 +13.3%
[2026-04-29 01:53:34] [动量信号5] Garlic Dog (GARLIC) on sol — 连涨2轮 +9.1%
[2026-04-29 01:53:35] [动量信号8] Actually Useless (AU) on sol — 连涨2轮 +8.9%
[2026-04-29 01:53:36] [动量信号1] ? (wARS) on base — 连涨2轮 +12.3%
[2026-04-29 01:53:52] 第126轮: 发现7个, 推送6个 (累计推送513)
[2026-04-29 01:54:10] 扫描 496 个新币...
[2026-04-29 01:54:11] [动量信号5] chadhouse (chadhouse) on sol — 连涨2轮 +20.4%
[2026-04-29 01:54:12] [动量信号2] chadhouse  (chadhouse ) on sol — 连涨2轮 +33.4%
[2026-04-29 01:54:13] [动量信号3] chadhouse (chadhouse) on sol — 连涨2轮 +163.7%
[2026-04-29 01:54:16] [动量信号2] NVIDIA MEME Token (NVIDIA) on sol — 连涨2轮 +6.6%
[2026-04-29 01:54:16] [动量信号1] sniffer (SNIFFER) on sol — 连涨2轮 +23.0%
[2026-04-29 01:54:31] 第127轮: 发现5个, 推送5个 (累计推送518)
[2026-04-29 01:54:47] 扫描 495 个新币...
[2026-04-29 01:54:49] [动量信号6] chadhouse (chadhouse) on sol — 连涨2轮 +32.7%
[2026-04-29 01:54:50] [动量信号8] chadhouse (chadhouse) on sol — 连涨2轮 +14.2%
[2026-04-29 01:54:50] [动量信号5] ? (🪐TUORB) on eth — 连涨2轮 +12.8%
[2026-04-29 01:54:57] 第128轮: 发现3个, 推送2个 (累计推送520)
[2026-04-29 01:55:13] 扫描 497 个新币...
[2026-04-29 01:55:14] [动量信号3] chadhouse  (chadhouse ) on sol — 连涨2轮 +12.0%
[2026-04-29 01:55:21] 第129轮: 发现1个, 推送1个 (累计推送521)
[2026-04-29 01:55:38] 扫描 494 个新币...
[2026-04-29 01:55:40] [动量信号7] chadhouse (chadhouse) on sol — 连涨2轮 +41.4%
[2026-04-29 01:55:41] [动量信号9] chadhouse (chadhouse) on sol — 连涨2轮 +10.9%
[2026-04-29 01:55:42] [动量信号6] Garlic Dog (GARLIC) on sol — 连涨2轮 +9.3%
[2026-04-29 01:55:43] [动量信号1] ? (TICKER) on eth — 连涨2轮 +6.9%
[2026-04-29 01:55:57] 第130轮: 发现4个, 推送3个 (累计推送524)
[2026-04-29 01:56:14] 扫描 492 个新币...
[2026-04-29 01:56:16] [动量信号1] Vamp Killer (STAKE) on sol — 连涨2轮 +16.2%
[2026-04-29 01:56:18] [动量信号1] vampcoin (vampcoin) on sol — 连涨2轮 +5.3%
[2026-04-29 01:56:19] [动量信号7] Garlic Dog (GARLIC) on sol — 连涨2轮 +28.0%
[2026-04-29 01:56:33] 第131轮: 发现3个, 推送3个 (累计推送527)
[2026-04-29 01:56:50] 扫描 490 个新币...
[2026-04-29 01:56:52] [动量信号1] PUFFLE (PUFFLE) on sol — 连涨2轮 +8.3%
[2026-04-29 01:56:53] [动量信号8] Garlic Dog (GARLIC) on sol — 连涨2轮 +5.3%
[2026-04-29 01:56:55] [动量信号8] Garlic Dog (GARLIC) on sol — 连涨2轮 +15.0%
[2026-04-29 01:56:56] [动量信号3] ewon mesk (ewon) on sol — 连涨2轮 +6.8%
[2026-04-29 01:56:57] [动量信号8] ewon mesk (ewon) on sol — 连涨2轮 +10.6%
[2026-04-29 01:57:12] [TG] Send error: ('Connection aborted.', ConnectionResetError(104, 'Connection reset by peer'))
[2026-04-29 01:57:15] 第132轮: 发现5个, 推送5个 (累计推送532)
[2026-04-29 01:57:33] 扫描 492 个新币...
[2026-04-29 01:57:34] [动量信号2] vampcoin (vampcoin) on sol — 连涨2轮 +13.6%
[2026-04-29 01:57:36] [动量信号9] Garlic Dog (GARLIC) on sol — 连涨2轮 +9.1%
[2026-04-29 01:57:37] [动量信号9] ewon mesk (ewon) on sol — 连涨2轮 +9.5%
[2026-04-29 01:57:38] [动量信号3] Make Dogs Great Again (MDGA) on sol — 连涨2轮 +7.1%
[2026-04-29 01:57:56] 第133轮: 发现4个, 推送4个 (累计推送536)
[2026-04-29 01:58:13] 扫描 486 个新币...
[2026-04-29 01:58:15] [动量信号1] chadhouse (chadhouse) on sol — 连涨2轮 +34.0%
[2026-04-29 01:58:16] [动量信号2] PUFFLE (PUFFLE) on sol — 连涨2轮 +23.0%
[2026-04-29 01:58:17] [动量信号2] Vamp Killer (STAKE) on sol — 连涨2轮 +25.6%
[2026-04-29 01:58:18] [动量信号8] Actually Useless (Au) on sol — 连涨2轮 +33.1%
[2026-04-29 01:58:18] [动量信号1] ? (MOONMAN) on eth — 连涨2轮 +5.2%
[2026-04-29 01:58:19] [动量信号2] ? (wARS) on base — 连涨2轮 +6.2%
[2026-04-29 01:58:30] 第134轮: 发现6个, 推送4个 (累计推送540)
[2026-04-29 01:58:47] 扫描 489 个新币...
[2026-04-29 01:58:49] [动量信号2] chadhouse (chadhouse) on sol — 连涨2轮 +16.5%
[2026-04-29 01:58:50] [动量信号3] Vamp Killer (STAKE) on sol — 连涨2轮 +14.3%
[2026-04-29 01:58:55] [动量信号6] ewon mesk (ewon) on sol — 连涨2轮 +6.3%
[2026-04-29 01:59:05] 第135轮: 发现3个, 推送3个 (累计推送543)
[2026-04-29 01:59:21] 扫描 493 个新币...
[2026-04-29 01:59:23] [动量信号1] chadlon mesk (chadlon) on sol — 连涨2轮 +9.4%
[2026-04-29 01:59:24] [动量信号10] ewon mesk (ewon) on sol — 连涨2轮 +7.6%
[2026-04-29 01:59:29] 第136轮: 发现2个, 推送2个 (累计推送545)
[2026-04-29 01:59:45] 扫描 493 个新币...
[2026-04-29 01:59:50] [动量信号1] Thinking Seal (THINKING) on sol — 连涨2轮 +30.3%
[2026-04-29 01:59:51] [动量信号3] 18 Egido St., Starbase, TX 78521 (ELONHOUSE) on sol — 连涨2轮 +10.2%
[2026-04-29 01:59:52] [动量信号1] 1000x (1000x) on sol — 连涨2轮 +15.6%
[2026-04-29 02:00:01] 第137轮: 发现3个, 推送3个 (累计推送548)
[2026-04-29 02:00:17] 扫描 495 个新币...
[2026-04-29 02:00:35] 扫描 492 个新币...
[2026-04-29 02:00:53] 扫描 494 个新币...
[2026-04-29 02:00:54] [动量信号3] chadhouse (chadhouse) on sol — 连涨2轮 +6.4%
[2026-04-29 02:00:57] 第140轮: 发现1个, 推送1个 (累计推送549)
[2026-04-29 02:01:13] 扫描 495 个新币...
[2026-04-29 02:01:15] [动量信号1] sam moonman (moonman) on sol — 连涨2轮 +29.5%
[2026-04-29 02:01:16] [动量信号1] sam moonman (moonman) on sol — 连涨2轮 +12.7%
[2026-04-29 02:01:19] [动量信号1] 1000x (1000x) on sol — 连涨2轮 +9.2%
[2026-04-29 02:01:26] 第141轮: 发现3个, 推送3个 (累计推送552)
[2026-04-29 02:01:42] 扫描 496 个新币...
[2026-04-29 02:01:44] [动量信号1] sam moonman (moonman) on sol — 连涨2轮 +12.1%
[2026-04-29 02:01:45] [动量信号2] sam moonman (moonman) on sol — 连涨2轮 +16.9%
[2026-04-29 02:01:46] [动量信号8] ewon mesk (ewon) on sol — 连涨2轮 +20.2%
[2026-04-29 02:01:47] [动量信号5] Elun vs Scam (EVS) on sol — 连涨2轮 +7.1%
[2026-04-29 02:01:48] [动量信号11] ewon mesk (ewon) on sol — 连涨2轮 +9.2%
[2026-04-29 02:02:04] 第142轮: 发现5个, 推送5个 (累计推送557)
[2026-04-29 02:02:20] 扫描 496 个新币...
[2026-04-29 02:02:22] [动量信号1] Legit Elon (LEGIT) on sol — 连涨2轮 +13.7%
[2026-04-29 02:02:23] [动量信号2] sam moonman (moonman) on sol — 连涨2轮 +55.5%
[2026-04-29 02:02:24] [动量信号4] chadhouse  (chadhouse ) on sol — 连涨2轮 +6.1%
[2026-04-29 02:02:25] [动量信号3] vampcoin (vampcoin) on sol — 连涨2轮 +5.9%
[2026-04-29 02:02:26] [动量信号6] Elun vs Scam (EVS) on sol — 连涨2轮 +10.4%
[2026-04-29 02:02:27] [动量信号2] The Biohekur  (Biohekur) on sol — 连涨2轮 +7.5%
[2026-04-29 02:02:28] [动量信号2] sniffer (SNIFFER) on sol — 连涨2轮 +18.3%
[2026-04-29 02:02:28] [动量信号1] ? (💓PUMAN) on eth — 连涨2轮 +13.0%
[2026-04-29 02:02:44] 第143轮: 发现8个, 推送7个 (累计推送564)
[2026-04-29 02:03:00] 扫描 498 个新币...
[2026-04-29 02:03:01] [动量信号1] Legit Elon (LEGIT) on sol — 连涨2轮 +15.2%
[2026-04-29 02:03:02] [动量信号3] sam moonman (moonman) on sol — 连涨2轮 +11.6%
[2026-04-29 02:03:03] [动量信号3] sam moonman (moonman) on sol — 连涨2轮 +21.2%
[2026-04-29 02:03:05] [动量信号6] Justice For Luca Cella Walker🐶 (LUCA🐶) on sol — 连涨2轮 +52.1%
[2026-04-29 02:03:15] 第144轮: 发现4个, 推送4个 (累计推送568)
[2026-04-29 02:03:31] 扫描 495 个新币...
[2026-04-29 02:03:33] [动量信号2] Legit Elon (LEGIT) on sol — 连涨2轮 +26.8%
[2026-04-29 02:03:34] [动量信号4] sam moonman (moonman) on sol — 连涨2轮 +16.7%
[2026-04-29 02:03:35] [动量信号10] PUMP-FUN AIRDROP (PUMP) on sol — 连涨2轮 +7.6%
[2026-04-29 02:03:35] [动量信号2] ? (💓PUMAN) on eth — 连涨2轮 +16.2%
[2026-04-29 02:03:42] 第145轮: 发现4个, 推送3个 (累计推送571)
[2026-04-29 02:03:58] 扫描 493 个新币...
[2026-04-29 02:03:59] [动量信号1] sam moonman (moonman) on sol — 连涨2轮 +15.9%
[2026-04-29 02:04:01] [动量信号2] Legit Elon (LEGIT) on sol — 连涨2轮 +7.2%
[2026-04-29 02:04:02] [动量信号5] sam moonman (moonman) on sol — 连涨2轮 +38.2%
[2026-04-29 02:04:03] [动量信号1] sam moonman (moonman) on sol — 连涨2轮 +63.0%
[2026-04-29 02:04:12] 第146轮: 发现4个, 推送4个 (累计推送575)
[2026-04-29 02:04:29] 扫描 489 个新币...
[2026-04-29 02:04:30] [动量信号2] sam moonman (moonman) on sol — 连涨2轮 +17.2%
[2026-04-29 02:04:31] [动量信号9] Actually Useless (Au) on sol — 连涨2轮 +10.5%
[2026-04-29 02:04:31] [动量信号1] ? (WAT) on eth — 连涨2轮 +17.7%
[2026-04-29 02:04:31] [动量信号3] ? (💓PUMAN) on eth — 连涨2轮 +10.0%
[2026-04-29 02:04:32] [动量信号2] ? (APHEX) on eth — 连涨2轮 +10.6%
[2026-04-29 02:05:09] 第147轮: 发现5个, 推送2个 (累计推送577)
[2026-04-29 02:05:25] 扫描 494 个新币...
[2026-04-29 02:05:26] [动量信号3] sam moonman (moonman) on sol — 连涨2轮 +27.7%
[2026-04-29 02:05:27] [动量信号4] sam moonman (moonman) on sol — 连涨2轮 +29.3%
[2026-04-29 02:05:28] [动量信号6] sam moonman (moonman) on sol — 连涨2轮 +24.6%
[2026-04-29 02:05:30] [动量信号7] Elun vs Scam (EVS) on sol — 连涨2轮 +10.5%
[2026-04-29 02:05:31] [动量信号3] sniffer (SNIFFER) on sol — 连涨2轮 +16.0%
[2026-04-29 02:05:31] [动量信号2] ? (WAT) on eth — 连涨2轮 +20.8%
[2026-04-29 02:05:31] [动量信号4] ? (💓PUMAN) on eth — 连涨2轮 +15.9%
[2026-04-29 02:05:42] 第148轮: 发现7个, 推送5个 (累计推送582)
[2026-04-29 02:05:58] 扫描 491 个新币...
[2026-04-29 02:06:01] [动量信号5] sam moonman (moonman) on sol — 连涨2轮 +13.6%
[2026-04-29 02:06:03] [动量信号7] sam moonman (moonman) on sol — 连涨2轮 +11.4%
[2026-04-29 02:06:10] 第149轮: 发现2个, 推送2个 (累计推送584)
[2026-04-29 02:06:26] 扫描 490 个新币...
[2026-04-29 02:06:29] [动量信号9] ewon mesk (ewon) on sol — 连涨2轮 +7.4%
[2026-04-29 02:06:30] [动量信号11] PUMP-FUN AIRDROP (PUMP) on sol — 连涨2轮 +15.4%
[2026-04-29 02:06:30] [动量信号3] ? (WAT) on eth — 连涨2轮 +6.2%
